"키","분류1","분류2","분류3","검색어","명칭","행정 시","행정 구","행정 동"
"BE_IW16-0502","한식/중식/일식","전통음식","한식 일반","솔로몬가든","솔로몬가든","서울특별시","강북구","인수동"
"BE_IW16-0503","한식/중식/일식","전통음식","한식 일반","솔밭골","솔밭골","서울특별시","동작구","대방동"
"BE_IW16-0504","한식/중식/일식","전통음식","한식 일반","솔밭숯불갈비","솔밭숯불갈비","서울특별시","강북구","송천동"
"BE_IW16-0505","한식/중식/일식","전통음식","한식 일반","솔향기","솔향기","서울특별시","영등포구","양평2동"
"BE_IW16-0506","한식/중식/일식","전통음식","한식 일반","솔향기","솔향기","서울특별시","용산구","원효로1동"
"BE_IW16-0507","한식/중식/일식","전통음식","한식 일반","솟대","솟대","서울특별시","종로구","혜화동"
"BE_IW16-0508","한식/중식/일식","전통음식","한식 일반","송담추어탕","송담추어탕","서울특별시","마포구","연남동"
"BE_IW16-0509","한식/중식/일식","전통음식","한식 일반","송림골","송림골","서울특별시","동대문구","청량리동"
"BE_IW16-0510","한식/중식/일식","전통음식","한식 일반","송림식당","송림식당","서울특별시","광진구","자양3동"
"BE_IW16-0511","한식/중식/일식","전통음식","한식 일반","송림정","송림정","서울특별시","중랑구","면목4동"
"BE_IW16-0512","한식/중식/일식","전통음식","한식 일반","송백식당","송백식당","서울특별시","영등포구","당산2동"
"BE_IW16-0513","한식/중식/일식","전통음식","한식 일반","송암","송암","서울특별시","종로구","종로1.2.3.4가동"
"BE_IW16-0514","한식/중식/일식","전통음식","한식 일반","송오리","송오리","서울특별시","서대문구","홍은2동"
"BE_IW16-0941","한식/중식/일식","전통음식","한식 일반","토방","토방","서울특별시","강북구","인수동"
"BE_IW16-0942","한식/중식/일식","전통음식","한식 일반","토방","토방","서울특별시","송파구","풍납2동"
"BE_IW16-0943","한식/중식/일식","전통음식","한식 일반","토속정","토속정","서울특별시","은평구","진관동"
"BE_IW16-0944","한식/중식/일식","전통음식","한식 일반","토속촌","토속촌","서울특별시","서대문구","연희동"
"BE_IW16-0945","한식/중식/일식","전통음식","한식 일반","토종순대국","토종순대국","서울특별시","은평구","응암1동"
"BE_IW16-0946","한식/중식/일식","전통음식","한식 일반","통나무집","통나무집","서울특별시","은평구","불광1동"
"BE_IW16-0947","한식/중식/일식","전통음식","한식 일반","통나무집","통나무집","서울특별시","서초구","내곡동"
"BE_IW16-0948","한식/중식/일식","전통음식","한식 일반","통나무집","통나무집","서울특별시","도봉구","쌍문3동"
"BE_IW16-0949","한식/중식/일식","전통음식","한식 일반","통나무집","통나무집","서울특별시","양천구","목2동"
"BE_IW16-0950","한식/중식/일식","전통음식","한식 일반","통영굴밥","통영굴밥","서울특별시","중랑구","중화2동"
"BE_IW16-0951","한식/중식/일식","전통음식","한식 일반","통영굴밥","통영굴밥","서울특별시","송파구","송파1동"
"BE_IW16-0952","한식/중식/일식","전통음식","한식 일반","통영굴밥","통영굴밥","서울특별시","강남구","역삼1동"
"BE_IW16-0953","한식/중식/일식","전통음식","한식 일반","툇마루밥상","툇마루밥상","서울특별시","송파구","문정1동"
"BE_IW16-0954","한식/중식/일식","전통음식","한식 일반","팔도","팔도","서울특별시","노원구","공릉1동"
"BE_IW16-0955","한식/중식/일식","전통음식","한식 일반","평양면옥","평양면옥","서울특별시","성북구","석관동"
"BE_IW16-0956","한식/중식/일식","전통음식","한식 일반","평창갈비","평창갈비","서울특별시","강남구","수서동"
"BE_IW16-0957","한식/중식/일식","전통음식","한식 일반","포도식당","포도식당","서울특별시","강남구","신사동"
"BE_IW16-0958","한식/중식/일식","전통음식","한식 일반","포도청","포도청","서울특별시","송파구","장지동"
"BE_IW16-0959","한식/중식/일식","전통음식","한식 일반","푸른바다","푸른바다","서울특별시","용산구","한남동"
"BE_IW16-0960","한식/중식/일식","전통음식","한식 일반","푸주옥","푸주옥","서울특별시","양천구","신정3동"
"BE_IW16-0961","한식/중식/일식","전통음식","한식 일반","푸주옥","푸주옥","서울특별시","영등포구","대림3동"
"BE_IW16-0962","한식/중식/일식","전통음식","한식 일반","푸짐한집","푸짐한집","서울특별시","금천구","독산1동"
"BE_IW16-0963","한식/중식/일식","전통음식","한식 일반","풀향기","풀향기","서울특별시","용산구","한남동"
"BE_IW16-0964","한식/중식/일식","전통음식","한식 일반","풍경","풍경","서울특별시","강북구","우이동"
"BE_IW16-0965","한식/중식/일식","전통음식","한식 일반","풍년갈비","풍년갈비","서울특별시","송파구","가락1동"
"BE_IW16-0966","한식/중식/일식","전통음식","한식 일반","풍년명절","풍년명절","서울특별시","은평구","응암3동"
"BE_IW16-0967","한식/중식/일식","전통음식","한식 일반","풍천민물장어","풍천민물장어","서울특별시","강남구","개포4동"
"BE_IW16-0968","한식/중식/일식","전통음식","한식 일반","풍천장어","풍천장어","서울특별시","강동구","고덕1동"
"BE_IW16-0969","한식/중식/일식","전통음식","한식 일반","풍천장어","풍천장어","서울특별시","노원구","상계3.4동"
"BE_IW16-0970","한식/중식/일식","전통음식","한식 일반","풍천장어","풍천장어","서울특별시","용산구","용문동"
"BE_IW16-0971","한식/중식/일식","전통음식","한식 일반","풍천장어","풍천장어","서울특별시","종로구","종로1.2.3.4가동"
"BE_IW16-0972","한식/중식/일식","전통음식","한식 일반","풍천장어","풍천장어","서울특별시","강남구","논현1동"
"BE_IW16-0973","한식/중식/일식","전통음식","한식 일반","프로간장게장","프로간장게장","서울특별시","서초구","잠원동"
"BE_IW16-0974","한식/중식/일식","전통음식","한식 일반","프로간장게장/삼성코엑스점","프로간장게장삼성코엑스점","서울특별시","강남구","삼성1동"
"BE_IW16-0975","한식/중식/일식","전통음식","한식 일반","피양할머니","피양할머니","서울특별시","강남구","역삼1동"
"BE_IW16-0976","한식/중식/일식","전통음식","한식 일반","필경재","필경재","서울특별시","강남구","수서동"
"BE_IW16-0977","한식/중식/일식","전통음식","한식 일반","하누소","하누소","서울특별시","도봉구","창5동"
"BE_IW16-0978","한식/중식/일식","전통음식","한식 일반","하늘담","하늘담","서울특별시","송파구","삼전동"
"BE_IW16-0979","한식/중식/일식","전통음식","한식 일반","하동관","하동관","서울특별시","중구","명동"
"BE_IW16-0980","한식/중식/일식","전통음식","한식 일반","하루","하루","서울특별시","송파구","석촌동"
"BE_IW16-0981","한식/중식/일식","전통음식","한식 일반","하르방똥돼지","하르방똥돼지","서울특별시","노원구","상계3.4동"
"BE_IW16-0982","한식/중식/일식","전통음식","한식 일반","하얀집","하얀집","서울특별시","서초구","양재2동"
"BE_IW16-0983","한식/중식/일식","전통음식","한식 일반","하이미트/길동점","하이미트길동점","서울특별시","강동구","길동"
"BE_IW16-0984","한식/중식/일식","전통음식","한식 일반","한강가든","한강가든","서울특별시","용산구","서빙고동"
"BE_IW16-0985","한식/중식/일식","전통음식","한식 일반","한국관","한국관","서울특별시","마포구","서교동"
"BE_IW16-0986","한식/중식/일식","전통음식","한식 일반","한국관","한국관","서울특별시","용산구","남영동"
"BE_IW16-0987","한식/중식/일식","전통음식","한식 일반","한국관","한국관","서울특별시","강서구","염창동"
"BE_IW16-0988","한식/중식/일식","전통음식","한식 일반","한국관도곡점","한국관도곡점","서울특별시","강남구","도곡1동"
"BE_IW16-0989","한식/중식/일식","전통음식","한식 일반","한국회관","한국회관","서울특별시","중구","명동"
"BE_IW16-0990","한식/중식/일식","전통음식","한식 일반","한마루","한마루","서울특별시","관악구","미성동"
"BE_IW16-0991","한식/중식/일식","전통음식","한식 일반","한마루","한마루","서울특별시","서초구","방배4동"
"BE_IW16-0992","한식/중식/일식","전통음식","한식 일반","한미장","한미장","서울특별시","강북구","우이동"
"BE_IW16-0993","한식/중식/일식","전통음식","한식 일반","한사랑","한사랑","서울특별시","송파구","방이1동"
"BE_IW16-0994","한식/중식/일식","전통음식","한식 일반","한상","한상","서울특별시","은평구","갈현2동"
"BE_IW16-0995","한식/중식/일식","전통음식","한식 일반","한서","한서","서울특별시","서대문구","북아현동"
"BE_IW16-0517","한식/중식/일식","전통음식","한식 일반","송원","송원","서울특별시","중구","장충동"
"BE_IW16-0518","한식/중식/일식","전통음식","한식 일반","송현","송현","서울특별시","서초구","서초2동"
"BE_IW16-0519","한식/중식/일식","전통음식","한식 일반","수강","수강","서울특별시","영등포구","영등포동"
"BE_IW16-0520","한식/중식/일식","전통음식","한식 일반","수라","수라","서울특별시","영등포구","당산1동"
"BE_IW16-0521","한식/중식/일식","전통음식","한식 일반","수라청","수라청","서울특별시","서초구","서초3동"
"BE_IW16-0522","한식/중식/일식","전통음식","한식 일반","수림식당","수림식당","서울특별시","강서구","화곡4동"
"BE_IW16-0523","한식/중식/일식","전통음식","한식 일반","수정식당","수정식당","서울특별시","강동구","성내1동"
"BE_IW16-0524","한식/중식/일식","전통음식","한식 일반","수향","수향","서울특별시","중랑구","상봉2동"
"BE_IW16-0525","한식/중식/일식","전통음식","한식 일반","숙자네부대전골","숙자네부대전골","서울특별시","서초구","서초3동"
"BE_IW16-0526","한식/중식/일식","전통음식","한식 일반","쉐플로","쉐플로","서울특별시","강남구","도곡2동"
"BE_IW16-0527","한식/중식/일식","전통음식","한식 일반","스타쉐프","스타쉐프","서울특별시","강남구","도곡2동"
"BE_IW16-0528","한식/중식/일식","전통음식","한식 일반","시골길","시골길","서울특별시","강북구","우이동"
"BE_IW16-0529","한식/중식/일식","전통음식","한식 일반","시골농장","시골농장","서울특별시","서대문구","신촌동"
"BE_IW16-0530","한식/중식/일식","전통음식","한식 일반","시골밥상","시골밥상","서울특별시","강남구","개포4동"
"BE_IW16-0531","한식/중식/일식","전통음식","한식 일반","시골밥상","시골밥상","서울특별시","강북구","우이동"
"BE_IW16-0532","한식/중식/일식","전통음식","한식 일반","시골밥상","시골밥상","서울특별시","영등포구","영등포동"
"BE_IW16-0533","한식/중식/일식","전통음식","한식 일반","시골밥상","시골밥상","서울특별시","중랑구","중화2동"
"BE_IW16-0534","한식/중식/일식","전통음식","한식 일반","시골밥상","시골밥상","서울특별시","강동구","길동"
"BE_IW16-0535","한식/중식/일식","전통음식","한식 일반","시골밥상","시골밥상","서울특별시","강남구","역삼2동"
"BE_IW16-0536","한식/중식/일식","전통음식","한식 일반","시골밥상","시골밥상","서울특별시","은평구","진관동"
"BE_IW16-0537","한식/중식/일식","전통음식","한식 일반","시골쌈밥","시골쌈밥","서울특별시","영등포구","양평1동"
"BE_IW16-0538","한식/중식/일식","전통음식","한식 일반","시골쌈밥","시골쌈밥","서울특별시","관악구","신원동"
"BE_IW16-0539","한식/중식/일식","전통음식","한식 일반","시골집","시골집","서울특별시","종로구","종로1.2.3.4가동"
"BE_IW16-0540","한식/중식/일식","전통음식","한식 일반","시골집","시골집","서울특별시","동대문구","용신동"
"BE_IW16-0541","한식/중식/일식","전통음식","한식 일반","시골집","시골집","서울특별시","관악구","신사동"
"BE_IW16-0542","한식/중식/일식","전통음식","한식 일반","시골집","시골집","서울특별시","동대문구","용신동"
"BE_IW16-0543","한식/중식/일식","전통음식","한식 일반","시골집","시골집","서울특별시","서대문구","북가좌2동"
"BE_IW16-0544","한식/중식/일식","전통음식","한식 일반","시골집","시골집","서울특별시","도봉구","창1동"
"BE_IW16-0545","한식/중식/일식","전통음식","한식 일반","시골집","시골집","서울특별시","도봉구","도봉2동"
"BE_IW16-0546","한식/중식/일식","전통음식","한식 일반","시골집","시골집","서울특별시","중구","광희동"
"BE_IW16-0547","한식/중식/일식","전통음식","한식 일반","시골집","시골집","서울특별시","중구","광희동"
"BE_IW16-0548","한식/중식/일식","전통음식","한식 일반","시골집","시골집","서울특별시","관악구","낙성대동"
"BE_IW16-0549","한식/중식/일식","전통음식","한식 일반","시골집","시골집","서울특별시","영등포구","당산1동"
"BE_IW16-0550","한식/중식/일식","전통음식","한식 일반","시골추어탕","시골추어탕","서울특별시","광진구","자양4동"
"BE_IW16-0551","한식/중식/일식","전통음식","한식 일반","식영정","식영정","서울특별시","서초구","양재2동"
"BE_IW16-0552","한식/중식/일식","전통음식","한식 일반","신마포갈매기","신마포갈매기","서울특별시","강서구","화곡6동"
"BE_IW16-0553","한식/중식/일식","전통음식","한식 일반","신마포갈매기","신마포갈매기","서울특별시","강북구","미아동"
"BE_IW16-0554","한식/중식/일식","전통음식","한식 일반","신마포갈매기","신마포갈매기","서울특별시","도봉구","방학1동"
"BE_IW16-0555","한식/중식/일식","전통음식","한식 일반","신마포갈매기","신마포갈매기","서울특별시","송파구","방이2동"
"BE_IW16-0556","한식/중식/일식","전통음식","한식 일반","신마포갈매기","신마포갈매기","서울특별시","금천구","시흥1동"
"BE_IW16-0557","한식/중식/일식","전통음식","한식 일반","신선설농탕","신선설농탕","서울특별시","서대문구","신촌동"
"BE_IW16-0558","한식/중식/일식","전통음식","한식 일반","신안촌","신안촌","서울특별시","종로구","사직동"
"BE_IW16-0559","한식/중식/일식","전통음식","한식 일반","신정","신정","서울특별시","강남구","역삼1동"
"BE_IW16-0560","한식/중식/일식","전통음식","한식 일반","신정","신정","서울특별시","중구","명동"
"BE_IW16-0561","한식/중식/일식","전통음식","한식 일반","신토불이","신토불이","서울특별시","구로구","구로2동"
"BE_IW16-0562","한식/중식/일식","전통음식","한식 일반","신한국관","신한국관","서울특별시","영등포구","여의동"
"BE_IW16-0563","한식/중식/일식","전통음식","한식 일반","실비식당","실비식당","서울특별시","중랑구","망우본동"
"BE_IW16-0564","한식/중식/일식","전통음식","한식 일반","실비식당","실비식당","서울특별시","서초구","방배2동"
"BE_IW16-0565","한식/중식/일식","전통음식","한식 일반","심가면옥","심가면옥","서울특별시","은평구","응암1동"
"BE_IW16-0566","한식/중식/일식","전통음식","한식 일반","싸리집","싸리집","서울특별시","강북구","송중동"
"BE_IW16-0567","한식/중식/일식","전통음식","한식 일반","아구가좋아","아구가좋아","서울특별시","중랑구","면목2동"
"BE_IW16-0568","한식/중식/일식","전통음식","한식 일반","아바이순대","아바이순대","서울특별시","강동구","길동"
"BE_IW16-0569","한식/중식/일식","전통음식","한식 일반","안고을","안고을","서울특별시","서초구","내곡동"
"BE_IW16-0570","한식/중식/일식","전통음식","한식 일반","안성집","안성집","서울특별시","중구","을지로동"
"BE_IW16-0571","한식/중식/일식","전통음식","한식 일반","애류헌","애류헌","서울특별시","강남구","청담동"
"BE_IW16-0629","한식/중식/일식","전통음식","한식 일반","옛집","옛집","서울특별시","강남구","세곡동"
"BE_IW16-0630","한식/중식/일식","전통음식","한식 일반","옛집","옛집","서울특별시","영등포구","신길6동"
"BE_IW16-0631","한식/중식/일식","전통음식","한식 일반","옛촌","옛촌","서울특별시","금천구","독산4동"
"BE_IW16-0632","한식/중식/일식","전통음식","한식 일반","오돌이","오돌이","서울특별시","동대문구","용신동"
"BE_IW16-0633","한식/중식/일식","전통음식","한식 일반","오뚜기식당","오뚜기식당","서울특별시","관악구","남현동"
"BE_IW16-0634","한식/중식/일식","전통음식","한식 일반","오리농장","오리농장","서울특별시","강북구","송중동"
"BE_IW16-0635","한식/중식/일식","전통음식","한식 일반","오리마을","오리마을","서울특별시","영등포구","대림2동"
"BE_IW16-0636","한식/중식/일식","전통음식","한식 일반","오리사냥","오리사냥","서울특별시","송파구","방이1동"
"BE_IW16-0637","한식/중식/일식","전통음식","한식 일반","오리원","오리원","서울특별시","강서구","방화2동"
"BE_IW16-0638","한식/중식/일식","전통음식","한식 일반","오리정","오리정","서울특별시","구로구","구로2동"
"BE_IW16-0639","한식/중식/일식","전통음식","한식 일반","오막집","오막집","서울특별시","강남구","역삼2동"
"BE_IW16-0640","한식/중식/일식","전통음식","한식 일반","오미가","오미가","서울특별시","서초구","양재1동"
"BE_IW16-0641","한식/중식/일식","전통음식","한식 일반","오발탄","오발탄","서울특별시","서초구","서초3동"
"BE_IW16-0642","한식/중식/일식","전통음식","한식 일반","오발탄","오발탄","서울특별시","강남구","삼성1동"
"BE_IW16-0643","한식/중식/일식","전통음식","한식 일반","오복식당","오복식당","서울특별시","금천구","시흥1동"
"BE_IW16-0644","한식/중식/일식","전통음식","한식 일반","오복식당","오복식당","서울특별시","동대문구","장안1동"
"BE_IW16-0645","한식/중식/일식","전통음식","한식 일반","오부자집","오부자집","서울특별시","강동구","명일2동"
"BE_IW16-0646","한식/중식/일식","전통음식","한식 일반","오세계향","오세계향","서울특별시","종로구","종로1.2.3.4가동"
"BE_IW16-0647","한식/중식/일식","전통음식","한식 일반","오수","오수","서울특별시","종로구","종로1.2.3.4가동"
"BE_IW16-0648","한식/중식/일식","전통음식","한식 일반","오시리또오시리","오시리또오시리","서울특별시","송파구","방이2동"
"BE_IW16-0649","한식/중식/일식","전통음식","한식 일반","오우가","오우가","서울특별시","중구","명동"
"BE_IW16-0650","한식/중식/일식","전통음식","한식 일반","오이시","오이시","서울특별시","성북구","장위3동"
"BE_IW16-0651","한식/중식/일식","전통음식","한식 일반","오징어나라","오징어나라","서울특별시","광진구","자양2동"
"BE_IW16-0652","한식/중식/일식","전통음식","한식 일반","오징어나라","오징어나라","서울특별시","강동구","성내3동"
"BE_IW16-0653","한식/중식/일식","전통음식","한식 일반","오징어마을","오징어마을","서울특별시","광진구","구의1동"
"BE_IW16-0654","한식/중식/일식","전통음식","한식 일반","오징어마을","오징어마을","서울특별시","광진구","군자동"
"BE_IW16-0655","한식/중식/일식","전통음식","한식 일반","오징어마을","오징어마을","서울특별시","광진구","화양동"
"BE_IW16-0656","한식/중식/일식","전통음식","한식 일반","오후청","오후청","서울특별시","중구","소공동"
"BE_IW16-0657","한식/중식/일식","전통음식","한식 일반","온마을","온마을","서울특별시","종로구","삼청동"
"BE_IW16-0658","한식/중식/일식","전통음식","한식 일반","옹기촌","옹기촌","서울특별시","노원구","상계5동"
"BE_IW16-0659","한식/중식/일식","전통음식","한식 일반","와사비","와사비","서울특별시","강동구","명일2동"
"BE_IW16-0001","한식/중식/일식","전통음식","한정식","대나무집","대나무집","서울특별시","구로구","수궁동"
"BE_IW16-0002","한식/중식/일식","전통음식","한정식","비봉","비봉","서울특별시","마포구","상암동"
"BE_IW16-0003","한식/중식/일식","전통음식","한정식","소나무","소나무","서울특별시","강남구","청담동"
"BE_IW16-0004","한식/중식/일식","전통음식","한정식","솔뫼마을","솔뫼마을","서울특별시","종로구","이화동"
"BE_IW16-0005","한식/중식/일식","전통음식","한정식","송학","송학","서울특별시","종로구","종로1.2.3.4가동"
"BE_IW16-0006","한식/중식/일식","전통음식","한정식","수양","수양","서울특별시","서초구","내곡동"
"BE_IW16-0007","한식/중식/일식","전통음식","한정식","안집","안집","서울특별시","관악구","낙성대동"
"BE_IW16-0008","한식/중식/일식","전통음식","한정식","지화자","지화자","서울특별시","중구","장충동"
"BE_IW16-0009","한식/중식/일식","전통음식","한정식","진수성찬","진수성찬","서울특별시","은평구","구산동"
"BE_IW16-0010","한식/중식/일식","전통음식","한정식","풀향기","풀향기","서울특별시","서대문구","연희동"
"BE_IW16-0011","한식/중식/일식","전통음식","한식 일반","가나안","가나안","서울특별시","중구","다산동"
"BE_IW16-0012","한식/중식/일식","전통음식","한식 일반","가람","가람","서울특별시","서초구","서초3동"
"BE_IW16-0013","한식/중식/일식","전통음식","한식 일반","가마골","가마골","서울특별시","강남구","역삼1동"
"BE_IW16-0014","한식/중식/일식","전통음식","한식 일반","가마솥손두부","가마솥손두부","서울특별시","강서구","등촌1동"
"BE_IW16-0015","한식/중식/일식","전통음식","한식 일반","가마솥손두부","가마솥손두부","서울특별시","서초구","서초2동"
"BE_IW16-0016","한식/중식/일식","전통음식","한식 일반","가마솥손두부","가마솥손두부","서울특별시","송파구","가락본동"
"BE_IW16-0017","한식/중식/일식","전통음식","한식 일반","가시리","가시리","서울특별시","서초구","잠원동"
"BE_IW16-0018","한식/중식/일식","전통음식","한식 일반","가시리","가시리","서울특별시","강남구","역삼1동"
"BE_IW16-0019","한식/중식/일식","전통음식","한식 일반","가시리","가시리","서울특별시","강남구","논현2동"
"BE_IW16-0020","한식/중식/일식","전통음식","한식 일반","가시리","가시리","서울특별시","강남구","역삼1동"
"BE_IW16-0021","한식/중식/일식","전통음식","한식 일반","가원","가원","서울특별시","종로구","사직동"
"BE_IW16-0022","한식/중식/일식","전통음식","한식 일반","가원","가원","서울특별시","서초구","서초3동"
"BE_IW16-0023","한식/중식/일식","전통음식","한식 일반","가원숯불갈비","가원숯불갈비","서울특별시","도봉구","쌍문3동"
"BE_IW16-0024","한식/중식/일식","전통음식","한식 일반","가족회관","가족회관","서울특별시","강남구","역삼1동"
"BE_IW16-0025","한식/중식/일식","전통음식","한식 일반","갈매","갈매","서울특별시","송파구","가락본동"
"BE_IW16-0572","한식/중식/일식","전통음식","한식 일반","약수산장","약수산장","서울특별시","서초구","내곡동"
"BE_IW16-0573","한식/중식/일식","전통음식","한식 일반","약수터가든","약수터가든","서울특별시","구로구","오류2동"
"BE_IW16-0459","한식/중식/일식","전통음식","한식 일반","서래","서래","서울특별시","용산구","남영동"
"BE_IW16-0996","한식/중식/일식","전통음식","한식 일반","한성관","한성관","서울특별시","마포구","연남동"
"BE_IW16-1054","한식/중식/일식","전통음식","한식 일반","형제","형제","서울특별시","성동구","성수1가2동"
"BE_IW16-1055","한식/중식/일식","전통음식","한식 일반","형제갈비","형제갈비","서울특별시","강동구","천호2동"
"BE_IW16-1056","한식/중식/일식","전통음식","한식 일반","형제식당","형제식당","서울특별시","동대문구","답십리2동"
"BE_IW16-1057","한식/중식/일식","전통음식","한식 일반","형제식당","형제식당","서울특별시","강북구","송천동"
"BE_IW16-1058","한식/중식/일식","전통음식","한식 일반","형제식당","형제식당","서울특별시","중구","신당동"
"BE_IW16-1059","한식/중식/일식","전통음식","한식 일반","형제추어탕","형제추어탕","서울특별시","종로구","평창동"
"BE_IW16-1060","한식/중식/일식","전통음식","한식 일반","혜교","혜교","서울특별시","강남구","삼성1동"
"BE_IW16-1061","한식/중식/일식","전통음식","한식 일반","혜심정","혜심정","서울특별시","강북구","우이동"
"BE_IW16-1062","한식/중식/일식","전통음식","한식 일반","혜원","혜원","서울특별시","종로구","사직동"
"BE_IW16-1063","한식/중식/일식","전통음식","한식 일반","호남식당","호남식당","서울특별시","강남구","대치4동"
"BE_IW16-1064","한식/중식/일식","전통음식","한식 일반","호남식당","호남식당","서울특별시","서대문구","연희동"
"BE_IW16-1065","한식/중식/일식","전통음식","한식 일반","호남식당","호남식당","서울특별시","성북구","월곡2동"
"BE_IW16-1066","한식/중식/일식","전통음식","한식 일반","호남식당","호남식당","서울특별시","송파구","가락1동"
"BE_IW16-1067","한식/중식/일식","전통음식","한식 일반","호남식당","호남식당","서울특별시","강남구","논현2동"
"BE_IW16-1068","한식/중식/일식","전통음식","한식 일반","호남식당","호남식당","서울특별시","영등포구","영등포동"
"BE_IW16-1069","한식/중식/일식","전통음식","한식 일반","호미곶","호미곶","서울특별시","영등포구","여의동"
"BE_IW16-1070","한식/중식/일식","전통음식","한식 일반","호반","호반","서울특별시","종로구","가회동"
"BE_IW16-1071","한식/중식/일식","전통음식","한식 일반","홍릉갈비/본점","홍릉갈비본점","서울특별시","동대문구","청량리동"
"BE_IW16-1072","한식/중식/일식","전통음식","한식 일반","화고집","화고집","서울특별시","양천구","목4동"
"BE_IW16-1073","한식/중식/일식","전통음식","한식 일반","화랑","화랑","서울특별시","강북구","송중동"
"BE_IW16-1074","한식/중식/일식","전통음식","한식 일반","화로구이","화로구이","서울특별시","성동구","행당1동"
"BE_IW16-1075","한식/중식/일식","전통음식","한식 일반","화로구이","화로구이","서울특별시","금천구","독산1동"
"BE_IW16-1076","한식/중식/일식","전통음식","한식 일반","화로백서","화로백서","서울특별시","중구","을지로동"
"BE_IW16-1077","한식/중식/일식","전통음식","한식 일반","화로백서/충무로점","화로백서충무로점","서울특별시","중구","광희동"
"BE_IW16-1078","한식/중식/일식","전통음식","한식 일반","화석정","화석정","서울특별시","양천구","신월4동"
"BE_IW16-1079","한식/중식/일식","전통음식","한식 일반","화성","화성","서울특별시","마포구","공덕동"
"BE_IW16-1080","한식/중식/일식","전통음식","한식 일반","화성산장","화성산장","서울특별시","강북구","인수동"
"BE_IW16-1081","한식/중식/일식","전통음식","한식 일반","화원","화원","서울특별시","용산구","효창동"
"BE_IW16-1082","한식/중식/일식","전통음식","한식 일반","황가네","황가네","서울특별시","은평구","역촌동"
"BE_IW16-1083","한식/중식/일식","전통음식","한식 일반","황금오리농장","황금오리농장","서울특별시","양천구","신정4동"
"BE_IW16-1084","한식/중식/일식","전통음식","한식 일반","황금오리농장","황금오리농장","서울특별시","영등포구","대림3동"
"BE_IW16-1085","한식/중식/일식","전통음식","한식 일반","황금정","황금정","서울특별시","강남구","역삼1동"
"BE_IW16-1086","한식/중식/일식","전통음식","한식 일반","황금정","황금정","서울특별시","종로구","가회동"
"BE_IW16-1087","한식/중식/일식","전통음식","한식 일반","황부자","황부자","서울특별시","중구","명동"
"BE_IW16-1088","한식/중식/일식","전통음식","한식 일반","황소곱창","황소곱창","서울특별시","중랑구","신내1동"
"BE_IW16-1089","한식/중식/일식","전통음식","한식 일반","황소곱창","황소곱창","서울특별시","성동구","사근동"
"BE_IW16-1090","한식/중식/일식","전통음식","한식 일반","황소곱창","황소곱창","서울특별시","강북구","미아동"
"BE_IW16-1091","한식/중식/일식","전통음식","한식 일반","황소식당","황소식당","서울특별시","서초구","양재1동"
"BE_IW16-1092","한식/중식/일식","전통음식","한식 일반","황소집","황소집","서울특별시","종로구","숭인2동"
"BE_IW16-1093","한식/중식/일식","전통음식","한식 일반","황토마을","황토마을","서울특별시","동작구","흑석동"
"BE_IW16-1094","한식/중식/일식","전통음식","한식 일반","황톳길","황톳길","서울특별시","마포구","아현동"
"BE_IW16-1095","한식/중식/일식","전통음식","한식 일반","황학정","황학정","서울특별시","종로구","사직동"
"BE_IW16-0387","한식/중식/일식","전통음식","한식 일반","본가","본가","서울특별시","성북구","장위2동"
"BE_IW16-0388","한식/중식/일식","전통음식","한식 일반","봉산옥","봉산옥","서울특별시","서초구","서초3동"
"BE_IW16-0389","한식/중식/일식","전통음식","한식 일반","봉산집","봉산집","서울특별시","용산구","한강로동"
"BE_IW16-0390","한식/중식/일식","전통음식","한식 일반","봉우리","봉우리","서울특별시","서초구","서초3동"
"BE_IW16-0391","한식/중식/일식","전통음식","한식 일반","봉추찜닭","봉추찜닭","서울특별시","강남구","압구정동"
"BE_IW16-0392","한식/중식/일식","전통음식","한식 일반","봉추찜닭","봉추찜닭","서울특별시","강북구","송중동"
"BE_IW16-0393","한식/중식/일식","전통음식","한식 일반","봉추찜닭","봉추찜닭","서울특별시","성동구","사근동"
"BE_IW16-0394","한식/중식/일식","전통음식","한식 일반","봉추찜닭","봉추찜닭","서울특별시","성북구","동선동"
"BE_IW16-0395","한식/중식/일식","전통음식","한식 일반","봉피양","봉피양","서울특별시","송파구","방이1동"
"BE_IW16-0396","한식/중식/일식","전통음식","한식 일반","봉희설렁탕","봉희설렁탕","서울특별시","은평구","증산동"
"BE_IW16-0397","한식/중식/일식","전통음식","한식 일반","부뚜막","부뚜막","서울특별시","서초구","서초3동"
"BE_IW16-0398","한식/중식/일식","전통음식","한식 일반","부림정숯불갈비","부림정숯불갈비","서울특별시","광진구","자양4동"
"BE_IW16-0399","한식/중식/일식","전통음식","한식 일반","부민옥","부민옥","서울특별시","중구","명동"
"BE_IW16-0400","한식/중식/일식","전통음식","한식 일반","부산복집","부산복집","서울특별시","동대문구","장안1동"
"BE_IW16-0997","한식/중식/일식","전통음식","한식 일반","한성관","한성관","서울특별시","종로구","종로1.2.3.4가동"
"BE_IW16-0574","한식/중식/일식","전통음식","한식 일반","양마니","양마니","서울특별시","영등포구","여의동"
"BE_IW16-0575","한식/중식/일식","전통음식","한식 일반","양마니청담점","양마니청담점","서울특별시","강남구","청담동"
"BE_IW16-0576","한식/중식/일식","전통음식","한식 일반","양미옥/코엑스점","양미옥코엑스점","서울특별시","강남구","삼성1동"
"BE_IW16-0577","한식/중식/일식","전통음식","한식 일반","양조장","양조장","서울특별시","강남구","역삼1동"
"BE_IW16-0578","한식/중식/일식","전통음식","한식 일반","양촌리","양촌리","서울특별시","광진구","구의3동"
"BE_IW16-0579","한식/중식/일식","전통음식","한식 일반","양촌리","양촌리","서울특별시","강남구","논현2동"
"BE_IW16-0580","한식/중식/일식","전통음식","한식 일반","양촌리","양촌리","서울특별시","영등포구","영등포동"
"BE_IW16-0581","한식/중식/일식","전통음식","한식 일반","양평해장국","양평해장국","서울특별시","노원구","월계1동"
"BE_IW16-0582","한식/중식/일식","전통음식","한식 일반","어랑","어랑","서울특별시","강북구","우이동"
"BE_IW16-0583","한식/중식/일식","전통음식","한식 일반","언덕","언덕","서울특별시","강북구","우이동"
"BE_IW16-0584","한식/중식/일식","전통음식","한식 일반","엄마손","엄마손","서울특별시","동작구","상도1동"
"BE_IW16-0585","한식/중식/일식","전통음식","한식 일반","엄마손식당","엄마손식당","서울특별시","양천구","목4동"
"BE_IW16-0586","한식/중식/일식","전통음식","한식 일반","엄마손칼국수","엄마손칼국수","서울특별시","강동구","천호1동"
"BE_IW16-0587","한식/중식/일식","전통음식","한식 일반","엄청한우정","엄청한우정","서울특별시","서초구","양재2동"
"BE_IW16-0588","한식/중식/일식","전통음식","한식 일반","여수오동도","여수오동도","서울특별시","강남구","대치4동"
"BE_IW16-0589","한식/중식/일식","전통음식","한식 일반","역전회관","역전회관","서울특별시","마포구","염리동"
"BE_IW16-0590","한식/중식/일식","전통음식","한식 일반","연타발","연타발","서울특별시","강남구","압구정동"
"BE_IW16-0591","한식/중식/일식","전통음식","한식 일반","연타발","연타발","서울특별시","송파구","방이2동"
"BE_IW16-0592","한식/중식/일식","전통음식","한식 일반","연희동칼국수","연희동칼국수","서울특별시","서대문구","연희동"
"BE_IW16-0593","한식/중식/일식","전통음식","한식 일반","열차집","열차집","서울특별시","종로구","종로1.2.3.4가동"
"BE_IW16-0594","한식/중식/일식","전통음식","한식 일반","영광식당","영광식당","서울특별시","관악구","서림동"
"BE_IW16-0595","한식/중식/일식","전통음식","한식 일반","영동설렁탕","영동설렁탕","서울특별시","서초구","잠원동"
"BE_IW16-0596","한식/중식/일식","전통음식","한식 일반","영보","영보","서울특별시","종로구","종로1.2.3.4가동"
"BE_IW16-0597","한식/중식/일식","전통음식","한식 일반","영산강","영산강","서울특별시","중랑구","면목2동"
"BE_IW16-0598","한식/중식/일식","전통음식","한식 일반","영산강","영산강","서울특별시","금천구","독산3동"
"BE_IW16-0599","한식/중식/일식","전통음식","한식 일반","영산강","영산강","서울특별시","광진구","자양2동"
"BE_IW16-0600","한식/중식/일식","전통음식","한식 일반","영양센터","영양센터","서울특별시","동대문구","전농1동"
"BE_IW16-0601","한식/중식/일식","전통음식","한식 일반","영천영화","영천영화","서울특별시","강남구","청담동"
"BE_IW16-0602","한식/중식/일식","전통음식","한식 일반","예가","예가","서울특별시","노원구","중계본동"
"BE_IW16-0603","한식/중식/일식","전통음식","한식 일반","예당","예당","서울특별시","강남구","압구정동"
"BE_IW16-0604","한식/중식/일식","전통음식","한식 일반","예소담","예소담","서울특별시","구로구","구로5동"
"BE_IW16-0605","한식/중식/일식","전통음식","한식 일반","예원","예원","서울특별시","강남구","역삼1동"
"BE_IW16-0606","한식/중식/일식","전통음식","한식 일반","예전","예전","서울특별시","서초구","서초1동"
"BE_IW16-0607","한식/중식/일식","전통음식","한식 일반","예촌","예촌","서울특별시","서초구","서초2동"
"BE_IW16-0608","한식/중식/일식","전통음식","한식 일반","예향","예향","서울특별시","강남구","대치2동"
"BE_IW16-0609","한식/중식/일식","전통음식","한식 일반","예향","예향","서울특별시","강남구","삼성2동"
"BE_IW16-0610","한식/중식/일식","전통음식","한식 일반","예향","예향","서울특별시","강남구","역삼1동"
"BE_IW16-0611","한식/중식/일식","전통음식","한식 일반","옛고을","옛고을","서울특별시","송파구","가락2동"
"BE_IW16-0612","한식/중식/일식","전통음식","한식 일반","옛골토성","옛골토성","서울특별시","종로구","평창동"
"BE_IW16-0613","한식/중식/일식","전통음식","한식 일반","옛골토성","옛골토성","서울특별시","중랑구","상봉2동"
"BE_IW16-0614","한식/중식/일식","전통음식","한식 일반","옛골토성","옛골토성","서울특별시","서초구","방배4동"
"BE_IW16-0615","한식/중식/일식","전통음식","한식 일반","옛골토성","옛골토성","서울특별시","강서구","등촌3동"
"BE_IW16-0616","한식/중식/일식","전통음식","한식 일반","옛날농장","옛날농장","서울특별시","종로구","혜화동"
"BE_IW16-0617","한식/중식/일식","전통음식","한식 일반","옛날농장","옛날농장","서울특별시","강남구","역삼1동"
"BE_IW16-0618","한식/중식/일식","전통음식","한식 일반","옛날농장","옛날농장","서울특별시","강남구","도곡1동"
"BE_IW16-0619","한식/중식/일식","전통음식","한식 일반","옛날농장","옛날농장","서울특별시","강북구","송중동"
"BE_IW16-0620","한식/중식/일식","전통음식","한식 일반","옛날농장","옛날농장","서울특별시","강동구","천호3동"
"BE_IW16-0621","한식/중식/일식","전통음식","한식 일반","옛날농장","옛날농장","서울특별시","강서구","염창동"
"BE_IW16-0622","한식/중식/일식","전통음식","한식 일반","옛날농장","옛날농장","서울특별시","성북구","길음2동"
"BE_IW16-0623","한식/중식/일식","전통음식","한식 일반","옛날농장","옛날농장","서울특별시","성동구","금호4가동"
"BE_IW16-0624","한식/중식/일식","전통음식","한식 일반","옛날민속집","옛날민속집","서울특별시","종로구","평창동"
"BE_IW16-0625","한식/중식/일식","전통음식","한식 일반","옛날집","옛날집","서울특별시","마포구","서교동"
"BE_IW16-0626","한식/중식/일식","전통음식","한식 일반","옛날집","옛날집","서울특별시","관악구","신림동"
"BE_IW16-0627","한식/중식/일식","전통음식","한식 일반","옛날집","옛날집","서울특별시","강서구","화곡6동"
"BE_IW16-0628","한식/중식/일식","전통음식","한식 일반","옛날집","옛날집","서울특별시","서대문구","홍제1동"
"BE_IW16-0940","한식/중식/일식","전통음식","한식 일반","토방","토방","서울특별시","은평구","응암1동"
"BE_IW16-0402","한식/중식/일식","전통음식","한식 일반","부산복집","부산복집","서울특별시","송파구","오금동"
"BE_IW16-0403","한식/중식/일식","전통음식","한식 일반","부산복집","부산복집","서울특별시","종로구","사직동"
"BE_IW16-0404","한식/중식/일식","전통음식","한식 일반","부산식당","부산식당","서울특별시","동대문구","청량리동"
"BE_IW16-0405","한식/중식/일식","전통음식","한식 일반","부산식당","부산식당","서울특별시","종로구","종로1.2.3.4가동"
"BE_IW16-0406","한식/중식/일식","전통음식","한식 일반","부산집","부산집","서울특별시","강남구","논현1동"
"BE_IW16-0407","한식/중식/일식","전통음식","한식 일반","부일갈비","부일갈비","서울특별시","영등포구","영등포동"
"BE_IW16-0408","한식/중식/일식","전통음식","한식 일반","북악정","북악정","서울특별시","종로구","평창동"
"BE_IW16-0409","한식/중식/일식","전통음식","한식 일반","북촌","북촌","서울특별시","성북구","동선동"
"BE_IW16-0410","한식/중식/일식","전통음식","한식 일반","사동면옥","사동면옥","서울특별시","종로구","종로1.2.3.4가동"
"BE_IW16-0411","한식/중식/일식","전통음식","한식 일반","사랑방","사랑방","서울특별시","마포구","공덕동"
"BE_IW16-0412","한식/중식/일식","전통음식","한식 일반","사랑방","사랑방","서울특별시","강북구","우이동"
"BE_IW16-0413","한식/중식/일식","전통음식","한식 일반","사랑방","사랑방","서울특별시","종로구","이화동"
"BE_IW16-0414","한식/중식/일식","전통음식","한식 일반","사랑채","사랑채","서울특별시","송파구","문정1동"
"BE_IW16-0415","한식/중식/일식","전통음식","한식 일반","사랑채","사랑채","서울특별시","서초구","방배1동"
"BE_IW16-0416","한식/중식/일식","전통음식","한식 일반","사리원","사리원","서울특별시","동작구","상도1동"
"BE_IW16-0417","한식/중식/일식","전통음식","한식 일반","사리원","사리원","서울특별시","도봉구","방학1동"
"BE_IW16-0418","한식/중식/일식","전통음식","한식 일반","사조회참치","사조회참치","서울특별시","영등포구","당산2동"
"BE_IW16-0419","한식/중식/일식","전통음식","한식 일반","산고수장","산고수장","서울특별시","서초구","내곡동"
"BE_IW16-0420","한식/중식/일식","전통음식","한식 일반","산골식당","산골식당","서울특별시","성북구","석관동"
"BE_IW16-0421","한식/중식/일식","전통음식","한식 일반","산마루","산마루","서울특별시","관악구","남현동"
"BE_IW16-0422","한식/중식/일식","전통음식","한식 일반","산사랑","산사랑","서울특별시","강북구","우이동"
"BE_IW16-0423","한식/중식/일식","전통음식","한식 일반","산속가든","산속가든","서울특별시","강동구","고덕2동"
"BE_IW16-0424","한식/중식/일식","전통음식","한식 일반","산수갑산","산수갑산","서울특별시","관악구","남현동"
"BE_IW16-0425","한식/중식/일식","전통음식","한식 일반","산수정","산수정","서울특별시","성동구","성수2가3동"
"BE_IW16-0426","한식/중식/일식","전통음식","한식 일반","산수정","산수정","서울특별시","은평구","구산동"
"BE_IW16-0427","한식/중식/일식","전통음식","한식 일반","산수정","산수정","서울특별시","서초구","내곡동"
"BE_IW16-0428","한식/중식/일식","전통음식","한식 일반","산에산유황오리","산에산유황오리","서울특별시","종로구","종로1.2.3.4가동"
"BE_IW16-0429","한식/중식/일식","전통음식","한식 일반","산울","산울","서울특별시","광진구","광장동"
"BE_IW16-0430","한식/중식/일식","전통음식","한식 일반","산유화","산유화","서울특별시","종로구","평창동"
"BE_IW16-0431","한식/중식/일식","전통음식","한식 일반","산유화","산유화","서울특별시","중구","장충동"
"BE_IW16-0432","한식/중식/일식","전통음식","한식 일반","산장가든","산장가든","서울특별시","강동구","둔촌2동"
"BE_IW16-0433","한식/중식/일식","전통음식","한식 일반","산정","산정","서울특별시","강남구","논현2동"
"BE_IW16-0434","한식/중식/일식","전통음식","한식 일반","산촌","산촌","서울특별시","강북구","우이동"
"BE_IW16-0435","한식/중식/일식","전통음식","한식 일반","산호","산호","서울특별시","강남구","신사동"
"BE_IW16-0884","한식/중식/일식","전통음식","한식 일반","청진동해장국","청진동해장국","서울특별시","강동구","천호3동"
"BE_IW16-0718","한식/중식/일식","전통음식","한식 일반","은행나무집","은행나무집","서울특별시","종로구","종로1.2.3.4가동"
"BE_IW16-0719","한식/중식/일식","전통음식","한식 일반","을지로골뱅이","을지로골뱅이","서울특별시","송파구","장지동"
"BE_IW16-0720","한식/중식/일식","전통음식","한식 일반","의정부부대찌개","의정부부대찌개","서울특별시","관악구","대학동"
"BE_IW16-0721","한식/중식/일식","전통음식","한식 일반","의정부부대찌개","의정부부대찌개","서울특별시","서초구","양재2동"
"BE_IW16-0722","한식/중식/일식","전통음식","한식 일반","의정부부대찌개","의정부부대찌개","서울특별시","서초구","방배본동"
"BE_IW16-0723","한식/중식/일식","전통음식","한식 일반","이가네","이가네","서울특별시","강북구","번1동"
"BE_IW16-0724","한식/중식/일식","전통음식","한식 일반","이가네","이가네","서울특별시","동작구","사당1동"
"BE_IW16-0725","한식/중식/일식","전통음식","한식 일반","이가면옥","이가면옥","서울특별시","종로구","사직동"
"BE_IW16-0726","한식/중식/일식","전통음식","한식 일반","이남장/삼성동지점","이남장삼성동지점","서울특별시","강남구","삼성1동"
"BE_IW16-0727","한식/중식/일식","전통음식","한식 일반","이랑","이랑","서울특별시","강서구","화곡6동"
"BE_IW16-0728","한식/중식/일식","전통음식","한식 일반","이상갈비명가/노원점","이상갈비명가노원점","서울특별시","노원구","상계2동"
"BE_IW16-0729","한식/중식/일식","전통음식","한식 일반","이상누룽지백숙/정릉본점","이상누룽지백숙정릉본점","서울특별시","성북구","정릉3동"
"BE_IW16-0730","한식/중식/일식","전통음식","한식 일반","이스트빌리지","이스트빌리지","서울특별시","강남구","압구정동"
"BE_IW16-0731","한식/중식/일식","전통음식","한식 일반","이조갈비","이조갈비","서울특별시","은평구","응암3동"
"BE_IW16-0732","한식/중식/일식","전통음식","한식 일반","이천","이천","서울특별시","성동구","행당1동"
"BE_IW16-0733","한식/중식/일식","전통음식","한식 일반","인사동그집","인사동그집","서울특별시","종로구","종로1.2.3.4가동"
"BE_IW16-0734","한식/중식/일식","전통음식","한식 일반","인수봉","인수봉","서울특별시","강북구","우이동"
"BE_IW16-0735","한식/중식/일식","전통음식","한식 일반","일미","일미","서울특별시","동대문구","회기동"
"BE_IW16-0736","한식/중식/일식","전통음식","한식 일반","일미식당","일미식당","서울특별시","강남구","세곡동"
"BE_IW16-0737","한식/중식/일식","전통음식","한식 일반","일미식당","일미식당","서울특별시","서대문구","충현동"
"BE_IW16-0738","한식/중식/일식","전통음식","한식 일반","일출기사식당","일출기사식당","서울특별시","양천구","신월7동"
"BE_IW16-0739","한식/중식/일식","전통음식","한식 일반","임진강","임진강","서울특별시","광진구","중곡2동"
"BE_IW16-0740","한식/중식/일식","전통음식","한식 일반","자매식당","자매식당","서울특별시","성동구","용답동"
"BE_IW16-0741","한식/중식/일식","전통음식","한식 일반","자매식당","자매식당","서울특별시","강북구","송중동"
"BE_IW16-0742","한식/중식/일식","전통음식","한식 일반","자산어보","자산어보","서울특별시","서초구","서초2동"
"BE_IW16-0743","한식/중식/일식","전통음식","한식 일반","자유식당","자유식당","서울특별시","마포구","망원2동"
"BE_IW16-0744","한식/중식/일식","전통음식","한식 일반","잔치국수","잔치국수","서울특별시","관악구","난곡동"
"BE_IW16-0745","한식/중식/일식","전통음식","한식 일반","잔치집","잔치집","서울특별시","영등포구","영등포동"
"BE_IW16-0746","한식/중식/일식","전통음식","한식 일반","잠실마당","잠실마당","서울특별시","송파구","잠실본동"
"BE_IW16-0747","한식/중식/일식","전통음식","한식 일반","장가네곱창","장가네곱창","서울특별시","마포구","용강동"
"BE_IW16-0748","한식/중식/일식","전통음식","한식 일반","장강","장강","서울특별시","마포구","용강동"
"BE_IW16-0749","한식/중식/일식","전통음식","한식 일반","장군갈비","장군갈비","서울특별시","광진구","중곡2동"
"BE_IW16-0750","한식/중식/일식","전통음식","한식 일반","장군집","장군집","서울특별시","관악구","중앙동"
"BE_IW16-0751","한식/중식/일식","전통음식","한식 일반","장독대","장독대","서울특별시","종로구","평창동"
"BE_IW16-0752","한식/중식/일식","전통음식","한식 일반","장미","장미","서울특별시","종로구","종로5.6가동"
"BE_IW16-0753","한식/중식/일식","전통음식","한식 일반","장사랑","장사랑","서울특별시","강남구","압구정동"
"BE_IW16-0754","한식/중식/일식","전통음식","한식 일반","장수갈비","장수갈비","서울특별시","강북구","수유1동"
"BE_IW16-0755","한식/중식/일식","전통음식","한식 일반","장수갈비","장수갈비","서울특별시","중구","소공동"
"BE_IW16-0756","한식/중식/일식","전통음식","한식 일반","장수갈비","장수갈비","서울특별시","광진구","군자동"
"BE_IW16-0757","한식/중식/일식","전통음식","한식 일반","장수사철탕","장수사철탕","서울특별시","강북구","인수동"
"BE_IW16-0758","한식/중식/일식","전통음식","한식 일반","장수식당","장수식당","서울특별시","서초구","서초2동"
"BE_IW16-0759","한식/중식/일식","전통음식","한식 일반","장수식당","장수식당","서울특별시","중랑구","면목본동"
"BE_IW16-0760","한식/중식/일식","전통음식","한식 일반","장수원","장수원","서울특별시","서초구","방배본동"
"BE_IW16-0761","한식/중식/일식","전통음식","한식 일반","장수원","장수원","서울특별시","강서구","화곡6동"
"BE_IW16-0762","한식/중식/일식","전통음식","한식 일반","장수집","장수집","서울특별시","은평구","응암3동"
"BE_IW16-0763","한식/중식/일식","전통음식","한식 일반","장수촌","장수촌","서울특별시","서대문구","홍은2동"
"BE_IW16-0764","한식/중식/일식","전통음식","한식 일반","장수회관","장수회관","서울특별시","마포구","성산2동"
"BE_IW16-0765","한식/중식/일식","전통음식","한식 일반","장안칼국수","장안칼국수","서울특별시","강북구","수유2동"
"BE_IW16-0766","한식/중식/일식","전통음식","한식 일반","장어촌","장어촌","서울특별시","강남구","역삼1동"
"BE_IW16-0767","한식/중식/일식","전통음식","한식 일반","장어촌","장어촌","서울특별시","송파구","방이1동"
"BE_IW16-0768","한식/중식/일식","전통음식","한식 일반","장원","장원","서울특별시","강동구","천호1동"
"BE_IW16-0769","한식/중식/일식","전통음식","한식 일반","장위동유성집","장위동유성집","서울특별시","중랑구","중화1동"
"BE_IW16-0770","한식/중식/일식","전통음식","한식 일반","장위동유성집","장위동유성집","서울특별시","강동구","길동"
"BE_IW16-0771","한식/중식/일식","전통음식","한식 일반","장충동왕족발","장충동왕족발","서울특별시","관악구","신사동"
"BE_IW16-0772","한식/중식/일식","전통음식","한식 일반","장충왕족발","장충왕족발","서울특별시","중랑구","상봉2동"
"BE_IW16-0663","한식/중식/일식","전통음식","한식 일반","왕십리곱창","왕십리곱창","서울특별시","관악구","삼성동"
"BE_IW16-0664","한식/중식/일식","전통음식","한식 일반","왕십리곱창","왕십리곱창","서울특별시","성동구","성수1가1동"
"BE_IW16-0665","한식/중식/일식","전통음식","한식 일반","외가집","외가집","서울특별시","서초구","잠원동"
"BE_IW16-0666","한식/중식/일식","전통음식","한식 일반","외가집","외가집","서울특별시","성동구","성수2가3동"
"BE_IW16-0667","한식/중식/일식","전통음식","한식 일반","외갓집","외갓집","서울특별시","강북구","미아동"
"BE_IW16-0668","한식/중식/일식","전통음식","한식 일반","외갓집","외갓집","서울특별시","강서구","화곡6동"
"BE_IW16-0669","한식/중식/일식","전통음식","한식 일반","외고집설렁탕","외고집설렁탕","서울특별시","강남구","대치4동"
"BE_IW16-0670","한식/중식/일식","전통음식","한식 일반","요기본점","요기본점","서울특별시","마포구","서강동"
"BE_IW16-0671","한식/중식/일식","전통음식","한식 일반","용궁가든","용궁가든","서울특별시","종로구","창신3동"
"BE_IW16-0672","한식/중식/일식","전통음식","한식 일반","용수산","용수산","서울특별시","서초구","반포4동"
"BE_IW16-0673","한식/중식/일식","전통음식","한식 일반","용수산삼청점","용수산삼청점","서울특별시","종로구","삼청동"
"BE_IW16-0674","한식/중식/일식","전통음식","한식 일반","우가촌","우가촌","서울특별시","서초구","양재2동"
"BE_IW16-0675","한식/중식/일식","전통음식","한식 일반","우래옥","우래옥","서울특별시","중구","을지로동"
"BE_IW16-0676","한식/중식/일식","전통음식","한식 일반","우래옥","우래옥","서울특별시","강남구","대치2동"
"BE_IW16-0677","한식/중식/일식","전통음식","한식 일반","우리강산","우리강산","서울특별시","송파구","방이1동"
"BE_IW16-0678","한식/중식/일식","전통음식","한식 일반","우리밀국시","우리밀국시","서울특별시","성북구","성북동"
"BE_IW16-0679","한식/중식/일식","전통음식","한식 일반","우리식당","우리식당","서울특별시","동대문구","용신동"
"BE_IW16-0680","한식/중식/일식","전통음식","한식 일반","우리식당","우리식당","서울특별시","구로구","고척2동"
"BE_IW16-0681","한식/중식/일식","전통음식","한식 일반","우리식당","우리식당","서울특별시","중구","회현동"
"BE_IW16-0682","한식/중식/일식","전통음식","한식 일반","우리식당","우리식당","서울특별시","중구","동화동"
"BE_IW16-0683","한식/중식/일식","전통음식","한식 일반","우리식당","우리식당","서울특별시","영등포구","당산2동"
"BE_IW16-0684","한식/중식/일식","전통음식","한식 일반","우리식당","우리식당","서울특별시","강북구","인수동"
"BE_IW16-0685","한식/중식/일식","전통음식","한식 일반","우리식당","우리식당","서울특별시","마포구","성산1동"
"BE_IW16-0686","한식/중식/일식","전통음식","한식 일반","우리집","우리집","서울특별시","용산구","한남동"
"BE_IW16-0687","한식/중식/일식","전통음식","한식 일반","우미각","우미각","서울특별시","강남구","도곡1동"
"BE_IW16-0688","한식/중식/일식","전통음식","한식 일반","우미관","우미관","서울특별시","도봉구","창1동"
"BE_IW16-0689","한식/중식/일식","전통음식","한식 일반","우원","우원","서울특별시","종로구","가회동"
"BE_IW16-0690","한식/중식/일식","전통음식","한식 일반","우정식당","우정식당","서울특별시","서초구","서초3동"
"BE_IW16-0691","한식/중식/일식","전통음식","한식 일반","우정식당","우정식당","서울특별시","관악구","중앙동"
"BE_IW16-0692","한식/중식/일식","전통음식","한식 일반","우정식당","우정식당","서울특별시","용산구","한남동"
"BE_IW16-0693","한식/중식/일식","전통음식","한식 일반","우촌","우촌","서울특별시","서대문구","신촌동"
"BE_IW16-0694","한식/중식/일식","전통음식","한식 일반","울돌목가는길","울돌목가는길","서울특별시","서초구","서초3동"
"BE_IW16-0695","한식/중식/일식","전통음식","한식 일반","원광","원광","서울특별시","강남구","논현1동"
"BE_IW16-0696","한식/중식/일식","전통음식","한식 일반","원광","원광","서울특별시","송파구","삼전동"
"BE_IW16-0697","한식/중식/일식","전통음식","한식 일반","원두막","원두막","서울특별시","양천구","신정2동"
"BE_IW16-0698","한식/중식/일식","전통음식","한식 일반","원조쌈밥","원조쌈밥","서울특별시","강남구","논현1동"
"BE_IW16-0699","한식/중식/일식","전통음식","한식 일반","원주추어탕","원주추어탕","서울특별시","강동구","천호2동"
"BE_IW16-0700","한식/중식/일식","전통음식","한식 일반","원할머니본가","원할머니본가","서울특별시","중구","황학동"
"BE_IW16-0701","한식/중식/일식","전통음식","한식 일반","월향","월향","서울특별시","용산구","한남동"
"BE_IW16-0702","한식/중식/일식","전통음식","한식 일반","위대한밥상영광/강남역","위대한밥상영광강남역","서울특별시","서초구","서초4동"
"BE_IW16-0703","한식/중식/일식","전통음식","한식 일반","유다","유다","서울특별시","서초구","반포4동"
"BE_IW16-0704","한식/중식/일식","전통음식","한식 일반","유림","유림","서울특별시","종로구","사직동"
"BE_IW16-0705","한식/중식/일식","전통음식","한식 일반","유정","유정","서울특별시","성북구","종암동"
"BE_IW16-0706","한식/중식/일식","전통음식","한식 일반","유정","유정","서울특별시","영등포구","영등포동"
"BE_IW16-0707","한식/중식/일식","전통음식","한식 일반","유정식당","유정식당","서울특별시","금천구","시흥1동"
"BE_IW16-0708","한식/중식/일식","전통음식","한식 일반","유정식당","유정식당","서울특별시","성북구","종암동"
"BE_IW16-0709","한식/중식/일식","전통음식","한식 일반","유진","유진","서울특별시","종로구","종로1.2.3.4가동"
"BE_IW16-0710","한식/중식/일식","전통음식","한식 일반","유진회수산","유진회수산","서울특별시","광진구","중곡1동"
"BE_IW16-0711","한식/중식/일식","전통음식","한식 일반","육일구립","육일구립","서울특별시","서대문구","신촌동"
"BE_IW16-0712","한식/중식/일식","전통음식","한식 일반","육칠팔","육칠팔","서울특별시","마포구","서교동"
"BE_IW16-0713","한식/중식/일식","전통음식","한식 일반","은성회관","은성회관","서울특별시","관악구","신림동"
"BE_IW16-0714","한식/중식/일식","전통음식","한식 일반","은행나무","은행나무","서울특별시","마포구","서교동"
"BE_IW16-0715","한식/중식/일식","전통음식","한식 일반","은행나무","은행나무","서울특별시","영등포구","양평1동"
"BE_IW16-0716","한식/중식/일식","전통음식","한식 일반","은행나무집","은행나무집","서울특별시","서초구","내곡동"
"BE_IW16-0717","한식/중식/일식","전통음식","한식 일반","은행나무집","은행나무집","서울특별시","중랑구","신내1동"
"BE_IW16-0773","한식/중식/일식","전통음식","한식 일반","잼배옥","잼배옥","서울특별시","중구","소공동"
"BE_IW16-0774","한식/중식/일식","전통음식","한식 일반","전원","전원","서울특별시","강남구","역삼2동"
"BE_IW16-0775","한식/중식/일식","전통음식","한식 일반","전원","전원","서울특별시","중구","장충동"
"BE_IW16-0776","한식/중식/일식","전통음식","한식 일반","전원가든","전원가든","서울특별시","서초구","내곡동"
"BE_IW16-0777","한식/중식/일식","전통음식","한식 일반","전원쌈밥","전원쌈밥","서울특별시","은평구","불광1동"
"BE_IW16-0778","한식/중식/일식","전통음식","한식 일반","전원일기","전원일기","서울특별시","강서구","발산1동"
"BE_IW16-0779","한식/중식/일식","전통음식","한식 일반","전주밥상","전주밥상","서울특별시","은평구","응암1동"
"BE_IW16-0780","한식/중식/일식","전통음식","한식 일반","전주밥상","전주밥상","서울특별시","광진구","화양동"
"BE_IW16-0781","한식/중식/일식","전통음식","한식 일반","전주식당","전주식당","서울특별시","강남구","논현2동"
"BE_IW16-0782","한식/중식/일식","전통음식","한식 일반","전주식당","전주식당","서울특별시","종로구","창신2동"
"BE_IW16-0783","한식/중식/일식","전통음식","한식 일반","전주식당","전주식당","서울특별시","동작구","상도3동"
"BE_IW16-0784","한식/중식/일식","전통음식","한식 일반","전주식당","전주식당","서울특별시","마포구","대흥동"
"BE_IW16-0785","한식/중식/일식","전통음식","한식 일반","전주식당","전주식당","서울특별시","영등포구","신길4동"
"BE_IW16-0786","한식/중식/일식","전통음식","한식 일반","전주식당","전주식당","서울특별시","용산구","청파동"
"BE_IW16-0787","한식/중식/일식","전통음식","한식 일반","전주식당","전주식당","서울특별시","송파구","석촌동"
"BE_IW16-0788","한식/중식/일식","전통음식","한식 일반","전주식당","전주식당","서울특별시","성동구","성수2가1동"
"BE_IW16-0789","한식/중식/일식","전통음식","한식 일반","전주식당","전주식당","서울특별시","영등포구","문래동"
"BE_IW16-0790","한식/중식/일식","전통음식","한식 일반","전주식당","전주식당","서울특별시","강서구","화곡4동"
"BE_IW16-0791","한식/중식/일식","전통음식","한식 일반","전주식당","전주식당","서울특별시","은평구","진관동"
"BE_IW16-0792","한식/중식/일식","전통음식","한식 일반","전주식당","전주식당","서울특별시","관악구","조원동"
"BE_IW16-0793","한식/중식/일식","전통음식","한식 일반","전주식당","전주식당","서울특별시","중구","신당5동"
"BE_IW16-0794","한식/중식/일식","전통음식","한식 일반","전주식당","전주식당","서울특별시","강북구","인수동"
"BE_IW16-0795","한식/중식/일식","전통음식","한식 일반","전주식당","전주식당","서울특별시","종로구","청운효자동"
"BE_IW16-0796","한식/중식/일식","전통음식","한식 일반","전주식당","전주식당","서울특별시","성동구","성수2가1동"
"BE_IW16-0797","한식/중식/일식","전통음식","한식 일반","전주식당","전주식당","서울특별시","성북구","길음2동"
"BE_IW16-0798","한식/중식/일식","전통음식","한식 일반","전주영양탕","전주영양탕","서울특별시","강북구","삼양동"
"BE_IW16-0799","한식/중식/일식","전통음식","한식 일반","전주콩나물국밥","전주콩나물국밥","서울특별시","송파구","잠실본동"
"BE_IW16-0800","한식/중식/일식","전통음식","한식 일반","전주해장국","전주해장국","서울특별시","송파구","거여1동"
"BE_IW16-0801","한식/중식/일식","전통음식","한식 일반","정가네","정가네","서울특별시","성동구","왕십리2동"
"BE_IW16-0802","한식/중식/일식","전통음식","한식 일반","정가네","정가네","서울특별시","강북구","우이동"
"BE_IW16-0803","한식/중식/일식","전통음식","한식 일반","정동진","정동진","서울특별시","동작구","노량진1동"
"BE_IW16-0804","한식/중식/일식","전통음식","한식 일반","정선","정선","서울특별시","송파구","가락2동"
"BE_IW16-0805","한식/중식/일식","전통음식","한식 일반","정원","정원","서울특별시","서대문구","홍은1동"
"BE_IW16-0806","한식/중식/일식","전통음식","한식 일반","정원","정원","서울특별시","강남구","청담동"
"BE_IW16-0807","한식/중식/일식","전통음식","한식 일반","정육점식당","정육점식당","서울특별시","강북구","수유3동"
"BE_IW16-0808","한식/중식/일식","전통음식","한식 일반","정읍","정읍","서울특별시","성북구","장위1동"
"BE_IW16-0809","한식/중식/일식","전통음식","한식 일반","정일품","정일품","서울특별시","서초구","서초3동"
"BE_IW16-0810","한식/중식/일식","전통음식","한식 일반","제비원","제비원","서울특별시","송파구","잠실본동"
"BE_IW16-0811","한식/중식/일식","전통음식","한식 일반","제일","제일","서울특별시","성동구","성수2가3동"
"BE_IW16-0812","한식/중식/일식","전통음식","한식 일반","제일가든","제일가든","서울특별시","중구","명동"
"BE_IW16-0813","한식/중식/일식","전통음식","한식 일반","제주뚝배기","제주뚝배기","서울특별시","송파구","방이1동"
"BE_IW16-0814","한식/중식/일식","전통음식","한식 일반","제주은갈치","제주은갈치","서울특별시","관악구","청룡동"
"BE_IW16-0815","한식/중식/일식","전통음식","한식 일반","제주항","제주항","서울특별시","중랑구","망우본동"
"BE_IW16-0816","한식/중식/일식","전통음식","한식 일반","조선면옥","조선면옥","서울특별시","강남구","수서동"
"BE_IW16-0817","한식/중식/일식","전통음식","한식 일반","조선면옥","조선면옥","서울특별시","서초구","양재2동"
"BE_IW16-0818","한식/중식/일식","전통음식","한식 일반","조선면옥","조선면옥","서울특별시","서초구","반포4동"
"BE_IW16-0819","한식/중식/일식","전통음식","한식 일반","조선옥","조선옥","서울특별시","강북구","미아동"
"BE_IW16-0820","한식/중식/일식","전통음식","한식 일반","조선옥","조선옥","서울특별시","노원구","상계2동"
"BE_IW16-0821","한식/중식/일식","전통음식","한식 일반","종가집","종가집","서울특별시","종로구","종로1.2.3.4가동"
"BE_IW16-0822","한식/중식/일식","전통음식","한식 일반","좋구먼","좋구먼","서울특별시","은평구","응암1동"
"BE_IW16-0823","한식/중식/일식","전통음식","한식 일반","좋구먼/봉천역점","좋구먼봉천역점","서울특별시","관악구","청룡동"
"BE_IW16-0824","한식/중식/일식","전통음식","한식 일반","주문진","주문진","서울특별시","양천구","목1동"
"BE_IW16-0825","한식/중식/일식","전통음식","한식 일반","지리산아침","지리산아침","서울특별시","서초구","방배1동"
"BE_IW16-0826","한식/중식/일식","전통음식","한식 일반","지호한방삼계탕","지호한방삼계탕","서울특별시","도봉구","창1동"
"BE_IW16-0827","한식/중식/일식","전통음식","한식 일반","지호한방삼계탕/연희점","지호한방삼계탕연희점","서울특별시","서대문구","연희동"
"BE_IW16-0885","한식/중식/일식","전통음식","한식 일반","청진동해장국","청진동해장국","서울특별시","중랑구","면목제3.8동"
"BE_IW16-0886","한식/중식/일식","전통음식","한식 일반","청진동해장국","청진동해장국","서울특별시","동대문구","용신동"
"BE_IW16-0887","한식/중식/일식","전통음식","한식 일반","청해대게타운","청해대게타운","서울특별시","양천구","신정2동"
"BE_IW16-0888","한식/중식/일식","전통음식","한식 일반","청해진","청해진","서울특별시","성북구","월곡2동"
"BE_IW16-0889","한식/중식/일식","전통음식","한식 일반","청해진","청해진","서울특별시","강동구","성내1동"
"BE_IW16-0890","한식/중식/일식","전통음식","한식 일반","초가집","초가집","서울특별시","강남구","논현2동"
"BE_IW16-0891","한식/중식/일식","전통음식","한식 일반","초가집","초가집","서울특별시","강북구","우이동"
"BE_IW16-0892","한식/중식/일식","전통음식","한식 일반","초가집","초가집","서울특별시","서초구","서초3동"
"BE_IW16-0893","한식/중식/일식","전통음식","한식 일반","초가집","초가집","서울특별시","구로구","구로5동"
"BE_IW16-0894","한식/중식/일식","전통음식","한식 일반","초당","초당","서울특별시","종로구","종로5.6가동"
"BE_IW16-0895","한식/중식/일식","전통음식","한식 일반","초동집","초동집","서울특별시","서초구","방배2동"
"BE_IW16-0896","한식/중식/일식","전통음식","한식 일반","초원","초원","서울특별시","구로구","구로5동"
"BE_IW16-0897","한식/중식/일식","전통음식","한식 일반","초원","초원","서울특별시","강북구","우이동"
"BE_IW16-0898","한식/중식/일식","전통음식","한식 일반","초원","초원","서울특별시","강남구","삼성1동"
"BE_IW16-0899","한식/중식/일식","전통음식","한식 일반","초원가든","초원가든","서울특별시","강북구","우이동"
"BE_IW16-0900","한식/중식/일식","전통음식","한식 일반","초원가든","초원가든","서울특별시","구로구","구로5동"
"BE_IW16-0901","한식/중식/일식","전통음식","한식 일반","초원가든","초원가든","서울특별시","종로구","가회동"
"BE_IW16-0902","한식/중식/일식","전통음식","한식 일반","초원식당","초원식당","서울특별시","구로구","고척2동"
"BE_IW16-0903","한식/중식/일식","전통음식","한식 일반","초원식당","초원식당","서울특별시","금천구","가산동"
"BE_IW16-0904","한식/중식/일식","전통음식","한식 일반","초원식당","초원식당","서울특별시","관악구","미성동"
"BE_IW16-0905","한식/중식/일식","전통음식","한식 일반","초원식당","초원식당","서울특별시","강남구","청담동"
"BE_IW16-0906","한식/중식/일식","전통음식","한식 일반","초원식당","초원식당","서울특별시","광진구","중곡2동"
"BE_IW16-0907","한식/중식/일식","전통음식","한식 일반","최고집","최고집","서울특별시","마포구","성산2동"
"BE_IW16-0908","한식/중식/일식","전통음식","한식 일반","최고집","최고집","서울특별시","서초구","서초3동"
"BE_IW16-0909","한식/중식/일식","전통음식","한식 일반","최고집칼국수","최고집칼국수","서울특별시","은평구","역촌동"
"BE_IW16-0910","한식/중식/일식","전통음식","한식 일반","추풍령감자탕","추풍령감자탕","서울특별시","강동구","성내2동"
"BE_IW16-0911","한식/중식/일식","전통음식","한식 일반","추풍령감자탕","추풍령감자탕","서울특별시","종로구","종로1.2.3.4가동"
"BE_IW16-0912","한식/중식/일식","전통음식","한식 일반","춘자대구탕","춘자대구탕","서울특별시","마포구","서교동"
"BE_IW16-0913","한식/중식/일식","전통음식","한식 일반","춘천옥","춘천옥","서울특별시","금천구","가산동"
"BE_IW16-0914","한식/중식/일식","전통음식","한식 일반","춘천왕닭갈비","춘천왕닭갈비","서울특별시","동대문구","회기동"
"BE_IW16-0915","한식/중식/일식","전통음식","한식 일반","춘천집","춘천집","서울특별시","종로구","평창동"
"BE_IW16-0916","한식/중식/일식","전통음식","한식 일반","춘천집","춘천집","서울특별시","양천구","목1동"
"BE_IW16-0917","한식/중식/일식","전통음식","한식 일반","춘하추동","춘하추동","서울특별시","용산구","효창동"
"BE_IW16-0918","한식/중식/일식","전통음식","한식 일반","춘하추동","춘하추동","서울특별시","은평구","진관동"
"BE_IW16-0919","한식/중식/일식","전통음식","한식 일반","춘하추동","춘하추동","서울특별시","서초구","서초2동"
"BE_IW16-0920","한식/중식/일식","전통음식","한식 일반","춘향골남원추어탕","춘향골남원추어탕","서울특별시","송파구","가락본동"
"BE_IW16-0921","한식/중식/일식","전통음식","한식 일반","충무로쭈꾸미/불고기","충무로쭈꾸미불고기","서울특별시","중구","필동"
"BE_IW16-0922","한식/중식/일식","전통음식","한식 일반","코기코기","코기코기","서울특별시","강남구","압구정동"
"BE_IW16-0923","한식/중식/일식","전통음식","한식 일반","코바코","코바코","서울특별시","강남구","대치2동"
"BE_IW16-0924","한식/중식/일식","전통음식","한식 일반","콩나물국밥","콩나물국밥","서울특별시","강남구","개포4동"
"BE_IW16-0925","한식/중식/일식","전통음식","한식 일반","콩사랑","콩사랑","서울특별시","종로구","가회동"
"BE_IW16-0926","한식/중식/일식","전통음식","한식 일반","쿠다이닝","쿠다이닝","서울특별시","강남구","청담동"
"BE_IW16-0927","한식/중식/일식","전통음식","한식 일반","큰바위","큰바위","서울특별시","은평구","대조동"
"BE_IW16-0928","한식/중식/일식","전통음식","한식 일반","큰집","큰집","서울특별시","강남구","대치2동"
"BE_IW16-0929","한식/중식/일식","전통음식","한식 일반","태능숯불갈비","태능숯불갈비","서울특별시","성동구","용답동"
"BE_IW16-0930","한식/중식/일식","전통음식","한식 일반","태안수산","태안수산","서울특별시","은평구","불광2동"
"BE_IW16-0931","한식/중식/일식","전통음식","한식 일반","태평양수산","태평양수산","서울특별시","송파구","장지동"
"BE_IW16-0932","한식/중식/일식","전통음식","한식 일반","텃밭","텃밭","서울특별시","강북구","번1동"
"BE_IW16-0933","한식/중식/일식","전통음식","한식 일반","토담","토담","서울특별시","중구","광희동"
"BE_IW16-0934","한식/중식/일식","전통음식","한식 일반","토담","토담","서울특별시","마포구","대흥동"
"BE_IW16-0935","한식/중식/일식","전통음식","한식 일반","토담","토담","서울특별시","강북구","송중동"
"BE_IW16-0936","한식/중식/일식","전통음식","한식 일반","토담","토담","서울특별시","관악구","대학동"
"BE_IW16-0937","한식/중식/일식","전통음식","한식 일반","토담","토담","서울특별시","관악구","대학동"
"BE_IW16-0938","한식/중식/일식","전통음식","한식 일반","토담골","토담골","서울특별시","양천구","신정1동"
"BE_IW16-0939","한식/중식/일식","전통음식","한식 일반","토담골","토담골","서울특별시","금천구","시흥1동"
"BE_IW16-0660","한식/중식/일식","전통음식","한식 일반","와세다야","와세다야","서울특별시","강남구","청담동"
"BE_IW16-0661","한식/중식/일식","전통음식","한식 일반","왕가","왕가","서울특별시","강북구","우이동"
"BE_IW16-0662","한식/중식/일식","전통음식","한식 일반","왕돌잠","왕돌잠","서울특별시","종로구","사직동"
"BE_IW16-0828","한식/중식/일식","전통음식","한식 일반","진가방숯불갈비","진가방숯불갈비","서울특별시","은평구","신사1동"
"BE_IW16-0829","한식/중식/일식","전통음식","한식 일반","진도집","진도집","서울특별시","서초구","서초4동"
"BE_IW16-0830","한식/중식/일식","전통음식","한식 일반","진도집","진도집","서울특별시","중구","회현동"
"BE_IW16-0831","한식/중식/일식","전통음식","한식 일반","진미관","진미관","서울특별시","강동구","둔촌2동"
"BE_IW16-0832","한식/중식/일식","전통음식","한식 일반","진미식당","진미식당","서울특별시","성동구","행당2동"
"BE_IW16-0833","한식/중식/일식","전통음식","한식 일반","진미식당","진미식당","서울특별시","동작구","흑석동"
"BE_IW16-0834","한식/중식/일식","전통음식","한식 일반","진미식당","진미식당","서울특별시","종로구","종로1.2.3.4가동"
"BE_IW16-0835","한식/중식/일식","전통음식","한식 일반","진미식당","진미식당","서울특별시","종로구","창신1동"
"BE_IW16-0836","한식/중식/일식","전통음식","한식 일반","진미정","진미정","서울특별시","용산구","남영동"
"BE_IW16-0837","한식/중식/일식","전통음식","한식 일반","진미정","진미정","서울특별시","관악구","조원동"
"BE_IW16-0838","한식/중식/일식","전통음식","한식 일반","진미집","진미집","서울특별시","강남구","삼성2동"
"BE_IW16-0839","한식/중식/일식","전통음식","한식 일반","진미집","진미집","서울특별시","영등포구","당산2동"
"BE_IW16-0840","한식/중식/일식","전통음식","한식 일반","진사댁","진사댁","서울특별시","마포구","용강동"
"BE_IW16-0841","한식/중식/일식","전통음식","한식 일반","진상서초점","진상서초점","서울특별시","서초구","서초2동"
"BE_IW16-0842","한식/중식/일식","전통음식","한식 일반","진주집","진주집","서울특별시","종로구","종로5.6가동"
"BE_IW16-0843","한식/중식/일식","전통음식","한식 일반","참나무집","참나무집","서울특별시","관악구","남현동"
"BE_IW16-0844","한식/중식/일식","전통음식","한식 일반","참나무집","참나무집","서울특별시","마포구","아현동"
"BE_IW16-0845","한식/중식/일식","전통음식","한식 일반","참누렁소가든","참누렁소가든","서울특별시","노원구","하계1동"
"BE_IW16-0846","한식/중식/일식","전통음식","한식 일반","참맛골","참맛골","서울특별시","성북구","보문동"
"BE_IW16-0847","한식/중식/일식","전통음식","한식 일반","참배나무골/여의도점","참배나무골여의도점","서울특별시","영등포구","여의동"
"BE_IW16-0848","한식/중식/일식","전통음식","한식 일반","참새방앗간","참새방앗간","서울특별시","도봉구","도봉1동"
"BE_IW16-0849","한식/중식/일식","전통음식","한식 일반","참새방앗간","참새방앗간","서울특별시","동대문구","이문1동"
"BE_IW16-0850","한식/중식/일식","전통음식","한식 일반","참숯골","참숯골","서울특별시","서대문구","홍은2동"
"BE_IW16-0851","한식/중식/일식","전통음식","한식 일반","참숯골","참숯골","서울특별시","중구","명동"
"BE_IW16-0852","한식/중식/일식","전통음식","한식 일반","참이맛감자탕","참이맛감자탕","서울특별시","노원구","상계2동"
"BE_IW16-0853","한식/중식/일식","전통음식","한식 일반","참이맛뼈다귀","참이맛뼈다귀","서울특별시","마포구","서교동"
"BE_IW16-0854","한식/중식/일식","전통음식","한식 일반","채근담","채근담","서울특별시","강남구","대치2동"
"BE_IW16-0855","한식/중식/일식","전통음식","한식 일반","채석강","채석강","서울특별시","서초구","서초1동"
"BE_IW16-0856","한식/중식/일식","전통음식","한식 일반","채선당","채선당","서울특별시","마포구","서교동"
"BE_IW16-0857","한식/중식/일식","전통음식","한식 일반","채선당","채선당","서울특별시","강서구","등촌1동"
"BE_IW16-0858","한식/중식/일식","전통음식","한식 일반","채선당명일점","채선당명일점","서울특별시","강동구","명일2동"
"BE_IW16-0859","한식/중식/일식","전통음식","한식 일반","천하태평","천하태평","서울특별시","강서구","화곡3동"
"BE_IW16-0860","한식/중식/일식","전통음식","한식 일반","첨벙","첨벙","서울특별시","강남구","대치1동"
"BE_IW16-0861","한식/중식/일식","전통음식","한식 일반","청계산맛고을","청계산맛고을","서울특별시","서초구","양재2동"
"BE_IW16-0862","한식/중식/일식","전통음식","한식 일반","청계숯불생고기","청계숯불생고기","서울특별시","송파구","가락본동"
"BE_IW16-0863","한식/중식/일식","전통음식","한식 일반","청기와","청기와","서울특별시","강서구","공항동"
"BE_IW16-0864","한식/중식/일식","전통음식","한식 일반","청기와집","청기와집","서울특별시","서초구","방배4동"
"BE_IW16-0865","한식/중식/일식","전통음식","한식 일반","청기와집","청기와집","서울특별시","노원구","공릉1동"
"BE_IW16-0866","한식/중식/일식","전통음식","한식 일반","청담골","청담골","서울특별시","강남구","청담동"
"BE_IW16-0867","한식/중식/일식","전통음식","한식 일반","청담복집","청담복집","서울특별시","강남구","청담동"
"BE_IW16-0868","한식/중식/일식","전통음식","한식 일반","청마루","청마루","서울특별시","강동구","길동"
"BE_IW16-0869","한식/중식/일식","전통음식","한식 일반","청목","청목","서울특별시","송파구","삼전동"
"BE_IW16-0870","한식/중식/일식","전통음식","한식 일반","청산가든","청산가든","서울특별시","강북구","우이동"
"BE_IW16-0871","한식/중식/일식","전통음식","한식 일반","청솔식당","청솔식당","서울특별시","송파구","풍납2동"
"BE_IW16-0872","한식/중식/일식","전통음식","한식 일반","청솔식당","청솔식당","서울특별시","은평구","증산동"
"BE_IW16-0873","한식/중식/일식","전통음식","한식 일반","청송면옥","청송면옥","서울특별시","관악구","보라매동"
"BE_IW16-0874","한식/중식/일식","전통음식","한식 일반","청수","청수","서울특별시","중구","광희동"
"BE_IW16-0875","한식/중식/일식","전통음식","한식 일반","청수면옥","청수면옥","서울특별시","관악구","대학동"
"BE_IW16-0876","한식/중식/일식","전통음식","한식 일반","청수보리밥","청수보리밥","서울특별시","강북구","수유3동"
"BE_IW16-0877","한식/중식/일식","전통음식","한식 일반","청수복국","청수복국","서울특별시","강남구","신사동"
"BE_IW16-0878","한식/중식/일식","전통음식","한식 일반","청수정","청수정","서울특별시","종로구","삼청동"
"BE_IW16-0879","한식/중식/일식","전통음식","한식 일반","청정회수산","청정회수산","서울특별시","강남구","논현1동"
"BE_IW16-0880","한식/중식/일식","전통음식","한식 일반","청진동해장국","청진동해장국","서울특별시","성동구","마장동"
"BE_IW16-0881","한식/중식/일식","전통음식","한식 일반","청진동해장국","청진동해장국","서울특별시","금천구","시흥1동"
"BE_IW16-0882","한식/중식/일식","전통음식","한식 일반","청진동해장국","청진동해장국","서울특별시","성북구","삼선동"
"BE_IW16-0883","한식/중식/일식","전통음식","한식 일반","청진동해장국","청진동해장국","서울특별시","강서구","등촌2동"
"BE_IW16-0998","한식/중식/일식","전통음식","한식 일반","한소반","한소반","서울특별시","서초구","내곡동"
"BE_IW16-0999","한식/중식/일식","전통음식","한식 일반","한솔정","한솔정","서울특별시","서대문구","남가좌2동"
"BE_IW16-1000","한식/중식/일식","전통음식","한식 일반","한솥도시락","한솥도시락","서울특별시","관악구","대학동"
"BE_IW16-1001","한식/중식/일식","전통음식","한식 일반","한솥도시락","한솥도시락","서울특별시","광진구","화양동"
"BE_IW16-1002","한식/중식/일식","전통음식","한식 일반","한솥도시락","한솥도시락","서울특별시","노원구","중계1동"
"BE_IW16-1003","한식/중식/일식","전통음식","한식 일반","한양가든","한양가든","서울특별시","강북구","번1동"
"BE_IW16-1004","한식/중식/일식","전통음식","한식 일반","한옥","한옥","서울특별시","종로구","무악동"
"BE_IW16-1005","한식/중식/일식","전통음식","한식 일반","한옥식당","한옥식당","서울특별시","성북구","정릉3동"
"BE_IW16-1006","한식/중식/일식","전통음식","한식 일반","한우리","한우리","서울특별시","강남구","개포2동"
"BE_IW16-1007","한식/중식/일식","전통음식","한식 일반","한우마을","한우마을","서울특별시","강북구","우이동"
"BE_IW16-1008","한식/중식/일식","전통음식","한식 일반","한우마을","한우마을","서울특별시","중구","황학동"
"BE_IW16-1009","한식/중식/일식","전통음식","한식 일반","한우만","한우만","서울특별시","서초구","서초3동"
"BE_IW16-1010","한식/중식/일식","전통음식","한식 일반","한우촌","한우촌","서울특별시","중구","을지로동"
"BE_IW16-1011","한식/중식/일식","전통음식","한식 일반","한우촌","한우촌","서울특별시","마포구","상암동"
"BE_IW16-1012","한식/중식/일식","전통음식","한식 일반","한우한마리","한우한마리","서울특별시","강서구","화곡1동"
"BE_IW16-1013","한식/중식/일식","전통음식","한식 일반","한우향기","한우향기","서울특별시","종로구","평창동"
"BE_IW16-1014","한식/중식/일식","전통음식","한식 일반","한울","한울","서울특별시","서초구","방배3동"
"BE_IW16-1015","한식/중식/일식","전통음식","한식 일반","한일관","한일관","서울특별시","강남구","압구정동"
"BE_IW16-1016","한식/중식/일식","전통음식","한식 일반","한일식당","한일식당","서울특별시","도봉구","쌍문3동"
"BE_IW16-1017","한식/중식/일식","전통음식","한식 일반","한일장","한일장","서울특별시","종로구","종로1.2.3.4가동"
"BE_IW16-1018","한식/중식/일식","전통음식","한식 일반","한촌설렁탕","한촌설렁탕","서울특별시","강동구","성내3동"
"BE_IW16-1019","한식/중식/일식","전통음식","한식 일반","한탄강","한탄강","서울특별시","강서구","화곡1동"
"BE_IW16-1020","한식/중식/일식","전통음식","한식 일반","할매재첩국","할매재첩국","서울특별시","강남구","대치2동"
"BE_IW16-1021","한식/중식/일식","전통음식","한식 일반","함경면옥","함경면옥","서울특별시","용산구","한강로동"
"BE_IW16-1022","한식/중식/일식","전통음식","한식 일반","함지","함지","서울특별시","관악구","성현동"
"BE_IW16-1023","한식/중식/일식","전통음식","한식 일반","함흥냉면","함흥냉면","서울특별시","은평구","역촌동"
"BE_IW16-1024","한식/중식/일식","전통음식","한식 일반","함흥면옥","함흥면옥","서울특별시","중랑구","면목5동"
"BE_IW16-1025","한식/중식/일식","전통음식","한식 일반","항아리","항아리","서울특별시","성북구","정릉3동"
"BE_IW16-1026","한식/중식/일식","전통음식","한식 일반","항아리집","항아리집","서울특별시","은평구","응암3동"
"BE_IW16-1027","한식/중식/일식","전통음식","한식 일반","항아리칼국수","항아리칼국수","서울특별시","강북구","우이동"
"BE_IW16-1028","한식/중식/일식","전통음식","한식 일반","해궁막회식당","해궁막회식당","서울특별시","마포구","성산2동"
"BE_IW16-1029","한식/중식/일식","전통음식","한식 일반","해뜨는집","해뜨는집","서울특별시","중랑구","상봉2동"
"BE_IW16-1030","한식/중식/일식","전통음식","한식 일반","해뜨는집","해뜨는집","서울특별시","은평구","수색동"
"BE_IW16-1031","한식/중식/일식","전통음식","한식 일반","해마루","해마루","서울특별시","동대문구","제기동"
"BE_IW16-1032","한식/중식/일식","전통음식","한식 일반","해마루","해마루","서울특별시","강북구","우이동"
"BE_IW16-1033","한식/중식/일식","전통음식","한식 일반","해물나라","해물나라","서울특별시","마포구","용강동"
"BE_IW16-1034","한식/중식/일식","전통음식","한식 일반","해물마을","해물마을","서울특별시","영등포구","신길1동"
"BE_IW16-1035","한식/중식/일식","전통음식","한식 일반","해물촌","해물촌","서울특별시","구로구","오류2동"
"BE_IW16-1036","한식/중식/일식","전통음식","한식 일반","해물칼국수","해물칼국수","서울특별시","강서구","화곡1동"
"BE_IW16-1037","한식/중식/일식","전통음식","한식 일반","해밀","해밀","서울특별시","은평구","응암1동"
"BE_IW16-1038","한식/중식/일식","전통음식","한식 일반","해성가든","해성가든","서울특별시","서초구","내곡동"
"BE_IW16-1039","한식/중식/일식","전통음식","한식 일반","해오름","해오름","서울특별시","동작구","사당4동"
"BE_IW16-1040","한식/중식/일식","전통음식","한식 일반","해오름","해오름","서울특별시","서대문구","남가좌2동"
"BE_IW16-1041","한식/중식/일식","전통음식","한식 일반","해원","해원","서울특별시","노원구","공릉1동"
"BE_IW16-1042","한식/중식/일식","전통음식","한식 일반","해월토장집","해월토장집","서울특별시","강서구","등촌3동"
"BE_IW16-1043","한식/중식/일식","전통음식","한식 일반","해초록사랑","해초록사랑","서울특별시","강남구","삼성2동"
"BE_IW16-1044","한식/중식/일식","전통음식","한식 일반","해피타임","해피타임","서울특별시","강서구","화곡2동"
"BE_IW16-1045","한식/중식/일식","전통음식","한식 일반","행복한밥상","행복한밥상","서울특별시","종로구","혜화동"
"BE_IW16-1046","한식/중식/일식","전통음식","한식 일반","향나무집","향나무집","서울특별시","마포구","도화동"
"BE_IW16-1047","한식/중식/일식","전통음식","한식 일반","향나무집","향나무집","서울특별시","서초구","서초3동"
"BE_IW16-1048","한식/중식/일식","전통음식","한식 일반","향촌","향촌","서울특별시","서대문구","충현동"
"BE_IW16-1049","한식/중식/일식","전통음식","한식 일반","향촌","향촌","서울특별시","강동구","고덕1동"
"BE_IW16-1050","한식/중식/일식","전통음식","한식 일반","향촌","향촌","서울특별시","서초구","서초3동"
"BE_IW16-1051","한식/중식/일식","전통음식","한식 일반","현대가든","현대가든","서울특별시","종로구","가회동"
"BE_IW16-1052","한식/중식/일식","전통음식","한식 일반","현대가든","현대가든","서울특별시","구로구","구로1동"
"BE_IW16-1053","한식/중식/일식","전통음식","한식 일반","현대수산","현대수산","서울특별시","중구","중림동"
"BE_IW16-0515","한식/중식/일식","전통음식","한식 일반","송옥","송옥","서울특별시","강남구","신사동"
"BE_IW16-0516","한식/중식/일식","전통음식","한식 일반","송원","송원","서울특별시","강북구","우이동"
"BE_IW16-0460","한식/중식/일식","전통음식","한식 일반","서린낙지","서린낙지","서울특별시","종로구","종로1.2.3.4가동"
"BE_IW16-0461","한식/중식/일식","전통음식","한식 일반","서서갈비","서서갈비","서울특별시","강서구","가양1동"
"BE_IW16-0462","한식/중식/일식","전통음식","한식 일반","서서갈비압구정","서서갈비압구정","서울특별시","강남구","압구정동"
"BE_IW16-0463","한식/중식/일식","전통음식","한식 일반","서울가든","서울가든","서울특별시","동작구","신대방1동"
"BE_IW16-0464","한식/중식/일식","전통음식","한식 일반","서울뚝배기","서울뚝배기","서울특별시","영등포구","양평1동"
"BE_IW16-0465","한식/중식/일식","전통음식","한식 일반","서울식당","서울식당","서울특별시","동대문구","용신동"
"BE_IW16-0466","한식/중식/일식","전통음식","한식 일반","서울식당","서울식당","서울특별시","영등포구","양평1동"
"BE_IW16-0467","한식/중식/일식","전통음식","한식 일반","서울식당","서울식당","서울특별시","노원구","상계5동"
"BE_IW16-0468","한식/중식/일식","전통음식","한식 일반","서울식당","서울식당","서울특별시","강동구","천호1동"
"BE_IW16-0469","한식/중식/일식","전통음식","한식 일반","서울클럽","서울클럽","서울특별시","중구","장충동"
"BE_IW16-0470","한식/중식/일식","전통음식","한식 일반","서초골","서초골","서울특별시","서초구","서초3동"
"BE_IW16-0471","한식/중식/일식","전통음식","한식 일반","석란","석란","서울특별시","서대문구","신촌동"
"BE_IW16-0472","한식/중식/일식","전통음식","한식 일반","설악추어탕","설악추어탕","서울특별시","동작구","상도3동"
"BE_IW16-0473","한식/중식/일식","전통음식","한식 일반","성너머집","성너머집","서울특별시","성북구","성북동"
"BE_IW16-0474","한식/중식/일식","전통음식","한식 일반","성북동/누룽지백숙","성북동누룽지백숙","서울특별시","성북구","성북동"
"BE_IW16-0475","한식/중식/일식","전통음식","한식 일반","성북동/돼지갈비집","성북동돼지갈비집","서울특별시","성북구","성북동"
"BE_IW16-0476","한식/중식/일식","전통음식","한식 일반","성원식당","성원식당","서울특별시","광진구","구의2동"
"BE_IW16-0477","한식/중식/일식","전통음식","한식 일반","성지식당","성지식당","서울특별시","양천구","목2동"
"BE_IW16-0478","한식/중식/일식","전통음식","한식 일반","세종가든","세종가든","서울특별시","용산구","한남동"
"BE_IW16-0479","한식/중식/일식","전통음식","한식 일반","소공동/뚝배기집","소공동뚝배기집","서울특별시","강남구","삼성1동"
"BE_IW16-0480","한식/중식/일식","전통음식","한식 일반","소공동/뚝배기집","소공동뚝배기집","서울특별시","중구","소공동"
"BE_IW16-0481","한식/중식/일식","전통음식","한식 일반","소공동/뚝배기집","소공동뚝배기집","서울특별시","서초구","반포4동"
"BE_IW16-0482","한식/중식/일식","전통음식","한식 일반","소나무","소나무","서울특별시","마포구","아현동"
"BE_IW16-0483","한식/중식/일식","전통음식","한식 일반","소나무","소나무","서울특별시","강남구","논현2동"
"BE_IW16-0484","한식/중식/일식","전통음식","한식 일반","소나무집","소나무집","서울특별시","관악구","보라매동"
"BE_IW16-0485","한식/중식/일식","전통음식","한식 일반","소나무집","소나무집","서울특별시","은평구","진관동"
"BE_IW16-0486","한식/중식/일식","전통음식","한식 일반","소담","소담","서울특별시","강남구","대치4동"
"BE_IW16-0487","한식/중식/일식","전통음식","한식 일반","소담","소담","서울특별시","성북구","동선동"
"BE_IW16-0488","한식/중식/일식","전통음식","한식 일반","소담","소담","서울특별시","송파구","석촌동"
"BE_IW16-0489","한식/중식/일식","전통음식","한식 일반","소담","소담","서울특별시","서대문구","홍제1동"
"BE_IW16-0490","한식/중식/일식","전통음식","한식 일반","소마루","소마루","서울특별시","강남구","역삼2동"
"BE_IW16-0491","한식/중식/일식","전통음식","한식 일반","소머리곰탕","소머리곰탕","서울특별시","영등포구","양평2동"
"BE_IW16-0492","한식/중식/일식","전통음식","한식 일반","소머리곰탕","소머리곰탕","서울특별시","양천구","신월7동"
"BE_IW16-0493","한식/중식/일식","전통음식","한식 일반","소문난식당","소문난식당","서울특별시","종로구","종로1.2.3.4가동"
"BE_IW16-0494","한식/중식/일식","전통음식","한식 일반","소반","소반","서울특별시","은평구","응암3동"
"BE_IW16-0495","한식/중식/일식","전통음식","한식 일반","소백산","소백산","서울특별시","서초구","양재2동"
"BE_IW16-0496","한식/중식/일식","전통음식","한식 일반","소백산가든","소백산가든","서울특별시","서초구","양재2동"
"BE_IW16-0497","한식/중식/일식","전통음식","한식 일반","소야지","소야지","서울특별시","강북구","송중동"
"BE_IW16-0498","한식/중식/일식","전통음식","한식 일반","소정","소정","서울특별시","동대문구","제기동"
"BE_IW16-0499","한식/중식/일식","전통음식","한식 일반","소호정본점","소호정본점","서울특별시","서초구","양재2동"
"BE_IW16-0500","한식/중식/일식","전통음식","한식 일반","속초생태집","속초생태집","서울특별시","중구","소공동"
"BE_IW16-0501","한식/중식/일식","전통음식","한식 일반","손가네설렁탕","손가네설렁탕","서울특별시","성북구","성북동"
"BE_IW16-0436","한식/중식/일식","전통음식","한식 일반","살구나무집","살구나무집","서울특별시","강서구","발산1동"
"BE_IW16-0437","한식/중식/일식","전통음식","한식 일반","삼거리","삼거리","서울특별시","서초구","양재1동"
"BE_IW16-0438","한식/중식/일식","전통음식","한식 일반","삼거리식당","삼거리식당","서울특별시","은평구","갈현1동"
"BE_IW16-0439","한식/중식/일식","전통음식","한식 일반","삼거리식당","삼거리식당","서울특별시","성동구","사근동"
"BE_IW16-0440","한식/중식/일식","전통음식","한식 일반","삼락","삼락","서울특별시","동작구","대방동"
"BE_IW16-0441","한식/중식/일식","전통음식","한식 일반","삼우정","삼우정","서울특별시","강남구","역삼1동"
"BE_IW16-0442","한식/중식/일식","전통음식","한식 일반","삼원가든","삼원가든","서울특별시","강남구","압구정동"
"BE_IW16-0443","한식/중식/일식","전통음식","한식 일반","삼청각","삼청각","서울특별시","노원구","하계1동"
"BE_IW16-0444","한식/중식/일식","전통음식","한식 일반","삼호가든","삼호가든","서울특별시","서초구","방배본동"
"BE_IW16-0445","한식/중식/일식","전통음식","한식 일반","삼호가든","삼호가든","서울특별시","양천구","신월2동"
"BE_IW16-0446","한식/중식/일식","전통음식","한식 일반","삼호복집","삼호복집","서울특별시","서초구","서초2동"
"BE_IW16-0447","한식/중식/일식","전통음식","한식 일반","상락원","상락원","서울특별시","강남구","역삼1동"
"BE_IW16-0448","한식/중식/일식","전통음식","한식 일반","새마을식당","새마을식당","서울특별시","영등포구","영등포동"
"BE_IW16-0449","한식/중식/일식","전통음식","한식 일반","새마을식당","새마을식당","서울특별시","금천구","독산3동"
"BE_IW16-0450","한식/중식/일식","전통음식","한식 일반","새마을식당","새마을식당","서울특별시","동대문구","회기동"
"BE_IW16-0451","한식/중식/일식","전통음식","한식 일반","새마을식당","새마을식당","서울특별시","송파구","잠실본동"
"BE_IW16-0452","한식/중식/일식","전통음식","한식 일반","새벽집","새벽집","서울특별시","강남구","청담동"
"BE_IW16-0453","한식/중식/일식","전통음식","한식 일반","샘터가든","샘터가든","서울특별시","관악구","보라매동"
"BE_IW16-0454","한식/중식/일식","전통음식","한식 일반","샘터마루","샘터마루","서울특별시","강북구","우이동"
"BE_IW16-0455","한식/중식/일식","전통음식","한식 일반","서라벌","서라벌","서울특별시","종로구","혜화동"
"BE_IW16-0456","한식/중식/일식","전통음식","한식 일반","서래","서래","서울특별시","성북구","안암동"
"BE_IW16-0457","한식/중식/일식","전통음식","한식 일반","서래","서래","서울특별시","송파구","잠실본동"
"BE_IW16-0458","한식/중식/일식","전통음식","한식 일반","서래","서래","서울특별시","은평구","갈현2동"
"BE_IW16-0075","한식/중식/일식","전통음식","한식 일반","고석정","고석정","서울특별시","강동구","성내1동"
"BE_IW16-0076","한식/중식/일식","전통음식","한식 일반","고향산천","고향산천","서울특별시","마포구","망원1동"
"BE_IW16-0077","한식/중식/일식","전통음식","한식 일반","고향산천","고향산천","서울특별시","중구","황학동"
"BE_IW16-0078","한식/중식/일식","전통음식","한식 일반","고향산천","고향산천","서울특별시","동대문구","휘경1동"
"BE_IW16-0079","한식/중식/일식","전통음식","한식 일반","고향산천","고향산천","서울특별시","강북구","송천동"
"BE_IW16-0080","한식/중식/일식","전통음식","한식 일반","고향설렁탕","고향설렁탕","서울특별시","성북구","동선동"
"BE_IW16-0081","한식/중식/일식","전통음식","한식 일반","고향식당","고향식당","서울특별시","마포구","공덕동"
"BE_IW16-0082","한식/중식/일식","전통음식","한식 일반","고향식당","고향식당","서울특별시","은평구","역촌동"
"BE_IW16-0253","한식/중식/일식","전통음식","한식 일반","둥지","둥지","서울특별시","성동구","금호2.3가동"
"BE_IW16-0254","한식/중식/일식","전통음식","한식 일반","들풀","들풀","서울특별시","종로구","혜화동"
"BE_IW16-0255","한식/중식/일식","전통음식","한식 일반","들풀","들풀","서울특별시","종로구","청운효자동"
"BE_IW16-0256","한식/중식/일식","전통음식","한식 일반","들풀","들풀","서울특별시","동작구","상도1동"
"BE_IW16-0257","한식/중식/일식","전통음식","한식 일반","등나무집","등나무집","서울특별시","구로구","구로3동"
"BE_IW16-0258","한식/중식/일식","전통음식","한식 일반","등나무집","등나무집","서울특별시","동대문구","청량리동"
"BE_IW16-0259","한식/중식/일식","전통음식","한식 일반","등나무집","등나무집","서울특별시","강남구","압구정동"
"BE_IW16-0260","한식/중식/일식","전통음식","한식 일반","등촌칼국수","등촌칼국수","서울특별시","광진구","자양1동"
"BE_IW16-0261","한식/중식/일식","전통음식","한식 일반","뜨락","뜨락","서울특별시","강남구","청담동"
"BE_IW16-0262","한식/중식/일식","전통음식","한식 일반","뜨락","뜨락","서울특별시","광진구","구의3동"
"BE_IW16-0263","한식/중식/일식","전통음식","한식 일반","뜨락","뜨락","서울특별시","강남구","청담동"
"BE_IW16-0264","한식/중식/일식","전통음식","한식 일반","램랜드","램랜드","서울특별시","마포구","용강동"
"BE_IW16-0265","한식/중식/일식","전통음식","한식 일반","마담밍","마담밍","서울특별시","강남구","대치4동"
"BE_IW16-0266","한식/중식/일식","전통음식","한식 일반","마당","마당","서울특별시","서대문구","충현동"
"BE_IW16-0267","한식/중식/일식","전통음식","한식 일반","마산아구와해물","마산아구와해물","서울특별시","종로구","종로1.2.3.4가동"
"BE_IW16-0268","한식/중식/일식","전통음식","한식 일반","마산아구찜","마산아구찜","서울특별시","구로구","개봉1동"
"BE_IW16-0269","한식/중식/일식","전통음식","한식 일반","마산아구찜","마산아구찜","서울특별시","송파구","석촌동"
"BE_IW16-0270","한식/중식/일식","전통음식","한식 일반","마산아구찜","마산아구찜","서울특별시","강북구","번2동"
"BE_IW16-0271","한식/중식/일식","전통음식","한식 일반","마산아구찜","마산아구찜","서울특별시","강서구","염창동"
"BE_IW16-0272","한식/중식/일식","전통음식","한식 일반","마산아구찜","마산아구찜","서울특별시","서대문구","북아현동"
"BE_IW16-0273","한식/중식/일식","전통음식","한식 일반","마산집","마산집","서울특별시","강남구","신사동"
"BE_IW16-0274","한식/중식/일식","전통음식","한식 일반","마실","마실","서울특별시","종로구","숭인2동"
"BE_IW16-0275","한식/중식/일식","전통음식","한식 일반","마장갈비가든","마장갈비가든","서울특별시","성동구","사근동"
"BE_IW16-0276","한식/중식/일식","전통음식","한식 일반","마포갈비","마포갈비","서울특별시","성북구","보문동"
"BE_IW16-0277","한식/중식/일식","전통음식","한식 일반","마포갈비","마포갈비","서울특별시","성동구","행당2동"
"BE_IW16-0278","한식/중식/일식","전통음식","한식 일반","마포갈비","마포갈비","서울특별시","동작구","사당1동"
"BE_IW16-0279","한식/중식/일식","전통음식","한식 일반","마포갈비","마포갈비","서울특별시","구로구","구로4동"
"BE_IW16-0280","한식/중식/일식","전통음식","한식 일반","마포갈비","마포갈비","서울특별시","강남구","논현1동"
"BE_IW16-0281","한식/중식/일식","전통음식","한식 일반","마포갈비","마포갈비","서울특별시","양천구","신월7동"
"BE_IW16-0282","한식/중식/일식","전통음식","한식 일반","마포갈비","마포갈비","서울특별시","강북구","삼각산동"
"BE_IW16-0283","한식/중식/일식","전통음식","한식 일반","마포갈비","마포갈비","서울특별시","관악구","은천동"
"BE_IW16-0284","한식/중식/일식","전통음식","한식 일반","마포나루","마포나루","서울특별시","마포구","신수동"
"BE_IW16-0285","한식/중식/일식","전통음식","한식 일반","마포소금구이","마포소금구이","서울특별시","강남구","대치2동"
"BE_IW16-0286","한식/중식/일식","전통음식","한식 일반","마포소금구이","마포소금구이","서울특별시","마포구","합정동"
"BE_IW16-0287","한식/중식/일식","전통음식","한식 일반","마포소금구이","마포소금구이","서울특별시","중랑구","묵2동"
"BE_IW16-0288","한식/중식/일식","전통음식","한식 일반","마포숯불갈비","마포숯불갈비","서울특별시","송파구","풍납2동"
"BE_IW16-0289","한식/중식/일식","전통음식","한식 일반","마포숯불갈비","마포숯불갈비","서울특별시","영등포구","당산1동"
"BE_IW16-0290","한식/중식/일식","전통음식","한식 일반","마포숯불갈비","마포숯불갈비","서울특별시","송파구","마천2동"
"BE_IW16-0291","한식/중식/일식","전통음식","한식 일반","마포숯불갈비","마포숯불갈비","서울특별시","강남구","일원1동"
"BE_IW16-0292","한식/중식/일식","전통음식","한식 일반","마포집","마포집","서울특별시","동작구","사당3동"
"BE_IW16-0293","한식/중식/일식","전통음식","한식 일반","막내회쎈타","막내회쎈타","서울특별시","영등포구","영등포본동"
"BE_IW16-0294","한식/중식/일식","전통음식","한식 일반","만발","만발","서울특별시","서초구","방배4동"
"BE_IW16-0295","한식/중식/일식","전통음식","한식 일반","만선","만선","서울특별시","성북구","동선동"
"BE_IW16-0296","한식/중식/일식","전통음식","한식 일반","맛골","맛골","서울특별시","성북구","석관동"
"BE_IW16-0297","한식/중식/일식","전통음식","한식 일반","먹골","먹골","서울특별시","관악구","청룡동"
"BE_IW16-0298","한식/중식/일식","전통음식","한식 일반","먹골촌","먹골촌","서울특별시","중랑구","신내1동"
"BE_IW16-0299","한식/중식/일식","전통음식","한식 일반","먹골촌","먹골촌","서울특별시","중랑구","신내1동"
"BE_IW16-0300","한식/중식/일식","전통음식","한식 일반","메밀촌","메밀촌","서울특별시","성북구","월곡2동"
"BE_IW16-0301","한식/중식/일식","전통음식","한식 일반","메밀촌","메밀촌","서울특별시","은평구","응암1동"
"BE_IW16-0302","한식/중식/일식","전통음식","한식 일반","메밀촌","메밀촌","서울특별시","중랑구","중화2동"
"BE_IW16-0303","한식/중식/일식","전통음식","한식 일반","명가","명가","서울특별시","용산구","이태원1동"
"BE_IW16-0304","한식/중식/일식","전통음식","한식 일반","명동교자","명동교자","서울특별시","중구","명동"
"BE_IW16-0305","한식/중식/일식","전통음식","한식 일반","명동칼국수","명동칼국수","서울특별시","마포구","서강동"
"BE_IW16-0306","한식/중식/일식","전통음식","한식 일반","명동칼국수","명동칼국수","서울특별시","은평구","응암1동"
"BE_IW16-0307","한식/중식/일식","전통음식","한식 일반","명문기사식당","명문기사식당","서울특별시","송파구","삼전동"
"BE_IW16-0308","한식/중식/일식","전통음식","한식 일반","명산장어","명산장어","서울특별시","서초구","내곡동"
"BE_IW16-0367","한식/중식/일식","전통음식","한식 일반","버드나무집","버드나무집","서울특별시","도봉구","창2동"
"BE_IW16-0368","한식/중식/일식","전통음식","한식 일반","버드나무집","버드나무집","서울특별시","성동구","왕십리도선동"
"BE_IW16-0369","한식/중식/일식","전통음식","한식 일반","버드나무집/서초동본점","버드나무집서초동본점","서울특별시","서초구","서초2동"
"BE_IW16-0370","한식/중식/일식","전통음식","한식 일반","버섯마을","버섯마을","서울특별시","용산구","한강로동"
"BE_IW16-0371","한식/중식/일식","전통음식","한식 일반","범스","범스","서울특별시","강남구","청담동"
"BE_IW16-0372","한식/중식/일식","전통음식","한식 일반","벽제갈비","벽제갈비","서울특별시","송파구","방이1동"
"BE_IW16-0373","한식/중식/일식","전통음식","한식 일반","별궁식당","별궁식당","서울특별시","종로구","삼청동"
"BE_IW16-0374","한식/중식/일식","전통음식","한식 일반","별당","별당","서울특별시","강북구","우이동"
"BE_IW16-0375","한식/중식/일식","전통음식","한식 일반","별미정","별미정","서울특별시","성북구","보문동"
"BE_IW16-0376","한식/중식/일식","전통음식","한식 일반","볏짚구이마을","볏짚구이마을","서울특별시","양천구","신월7동"
"BE_IW16-0377","한식/중식/일식","전통음식","한식 일반","볏짚구이마을","볏짚구이마을","서울특별시","강남구","일원1동"
"BE_IW16-0378","한식/중식/일식","전통음식","한식 일반","병천순대","병천순대","서울특별시","동작구","노량진2동"
"BE_IW16-0379","한식/중식/일식","전통음식","한식 일반","병천순대","병천순대","서울특별시","영등포구","양평2동"
"BE_IW16-0380","한식/중식/일식","전통음식","한식 일반","보리수","보리수","서울특별시","강남구","대치2동"
"BE_IW16-0381","한식/중식/일식","전통음식","한식 일반","보릿골","보릿골","서울특별시","강동구","둔촌2동"
"BE_IW16-0382","한식/중식/일식","전통음식","한식 일반","보물섬","보물섬","서울특별시","서대문구","연희동"
"BE_IW16-0383","한식/중식/일식","전통음식","한식 일반","보원","보원","서울특별시","영등포구","영등포동"
"BE_IW16-0384","한식/중식/일식","전통음식","한식 일반","보통사람","보통사람","서울특별시","서대문구","신촌동"
"BE_IW16-0385","한식/중식/일식","전통음식","한식 일반","본가","본가","서울특별시","중구","명동"
"BE_IW16-0386","한식/중식/일식","전통음식","한식 일반","본가","본가","서울특별시","마포구","서교동"
"BE_IW16-1096","한식/중식/일식","전통음식","한식 일반","회령","회령","서울특별시","노원구","하계1동"
"BE_IW16-1097","한식/중식/일식","전통음식","한식 일반","후포항","후포항","서울특별시","강남구","도곡2동"
"BE_IW16-1098","한식/중식/일식","전통음식","한식 일반","흑돈가","흑돈가","서울특별시","강남구","삼성1동"
"BE_IW16-1099","한식/중식/일식","전통음식","한식 일반","흑돈가","흑돈가","서울특별시","노원구","공릉1동"
"BE_IW16-1100","한식/중식/일식","전통음식","한식 일반","흑석골","흑석골","서울특별시","동작구","흑석동"
"BE_IW16-1101","한식/중식/일식","전통음식","한식 일반","흥부네","흥부네","서울특별시","용산구","보광동"
"BE_IW16-1102","한식/중식/일식","전통음식","한식 일반","희락","희락","서울특별시","강남구","삼성2동"
"BE_IW16-1103","한식/중식/일식","전통음식","한식 일반","희래","희래","서울특별시","서초구","양재2동"
"BE_IW16-1104","한식/중식/일식","전통음식","한식 일반","힐하우스","힐하우스","서울특별시","관악구","성현동"
"BE_IW16-0309","한식/중식/일식","전통음식","한식 일반","명주","명주","서울특별시","도봉구","방학1동"
"BE_IW16-0310","한식/중식/일식","전통음식","한식 일반","모두","모두","서울특별시","서초구","방배4동"
"BE_IW16-0311","한식/중식/일식","전통음식","한식 일반","모아","모아","서울특별시","강남구","청담동"
"BE_IW16-0312","한식/중식/일식","전통음식","한식 일반","목련식당","목련식당","서울특별시","강남구","논현2동"
"BE_IW16-0313","한식/중식/일식","전통음식","한식 일반","목로","목로","서울특별시","강남구","신사동"
"BE_IW16-0314","한식/중식/일식","전통음식","한식 일반","목멱산방","목멱산방","서울특별시","중구","필동"
"BE_IW16-0315","한식/중식/일식","전통음식","한식 일반","목포","목포","서울특별시","관악구","성현동"
"BE_IW16-0316","한식/중식/일식","전통음식","한식 일반","목포낙지","목포낙지","서울특별시","중구","동화동"
"BE_IW16-0317","한식/중식/일식","전통음식","한식 일반","목포자매집","목포자매집","서울특별시","강남구","논현2동"
"BE_IW16-0318","한식/중식/일식","전통음식","한식 일반","목포집","목포집","서울특별시","동대문구","용신동"
"BE_IW16-0319","한식/중식/일식","전통음식","한식 일반","무돌","무돌","서울특별시","강남구","청담동"
"BE_IW16-0320","한식/중식/일식","전통음식","한식 일반","무화잠","무화잠","서울특별시","강남구","논현1동"
"BE_IW16-0321","한식/중식/일식","전통음식","한식 일반","문","문","서울특별시","강남구","대치4동"
"BE_IW16-0322","한식/중식/일식","전통음식","한식 일반","뮤즈","뮤즈","서울특별시","강남구","논현2동"
"BE_IW16-0323","한식/중식/일식","전통음식","한식 일반","미가","미가","서울특별시","광진구","중곡1동"
"BE_IW16-0324","한식/중식/일식","전통음식","한식 일반","미가","미가","서울특별시","광진구","화양동"
"BE_IW16-0325","한식/중식/일식","전통음식","한식 일반","미가할매","미가할매","서울특별시","관악구","신림동"
"BE_IW16-0326","한식/중식/일식","전통음식","한식 일반","미담","미담","서울특별시","양천구","목5동"
"BE_IW16-0327","한식/중식/일식","전통음식","한식 일반","미담","미담","서울특별시","양천구","목5동"
"BE_IW16-0328","한식/중식/일식","전통음식","한식 일반","미도","미도","서울특별시","관악구","인헌동"
"BE_IW16-0329","한식/중식/일식","전통음식","한식 일반","미도","미도","서울특별시","강남구","도곡2동"
"BE_IW16-0330","한식/중식/일식","전통음식","한식 일반","미락","미락","서울특별시","동대문구","용신동"
"BE_IW16-0331","한식/중식/일식","전통음식","한식 일반","미락","미락","서울특별시","동작구","신대방2동"
"BE_IW16-0332","한식/중식/일식","전통음식","한식 일반","미락","미락","서울특별시","마포구","공덕동"
"BE_IW16-0333","한식/중식/일식","전통음식","한식 일반","미락식당","미락식당","서울특별시","송파구","석촌동"
"BE_IW16-0334","한식/중식/일식","전통음식","한식 일반","미락식당","미락식당","서울특별시","양천구","신정4동"
"BE_IW16-0335","한식/중식/일식","전통음식","한식 일반","미르","미르","서울특별시","종로구","사직동"
"BE_IW16-0336","한식/중식/일식","전통음식","한식 일반","미르","미르","서울특별시","중구","중림동"
"BE_IW16-0337","한식/중식/일식","전통음식","한식 일반","미산","미산","서울특별시","강남구","논현1동"
"BE_IW16-0338","한식/중식/일식","전통음식","한식 일반","미성옥","미성옥","서울특별시","중구","명동"
"BE_IW16-0339","한식/중식/일식","전통음식","한식 일반","미향","미향","서울특별시","강남구","역삼2동"
"BE_IW16-0340","한식/중식/일식","전통음식","한식 일반","민가다헌","민가다헌","서울특별시","종로구","종로1.2.3.4가동"
"BE_IW16-0341","한식/중식/일식","전통음식","한식 일반","민들레","민들레","서울특별시","마포구","서교동"
"BE_IW16-0342","한식/중식/일식","전통음식","한식 일반","민들레","민들레","서울특별시","강남구","역삼1동"
"BE_IW16-0343","한식/중식/일식","전통음식","한식 일반","민속두부마을","민속두부마을","서울특별시","강북구","번2동"
"BE_IW16-0344","한식/중식/일식","전통음식","한식 일반","민속식당","민속식당","서울특별시","서대문구","연희동"
"BE_IW16-0345","한식/중식/일식","전통음식","한식 일반","민속식당","민속식당","서울특별시","서대문구","연희동"
"BE_IW16-0346","한식/중식/일식","전통음식","한식 일반","민속집","민속집","서울특별시","종로구","혜화동"
"BE_IW16-0347","한식/중식/일식","전통음식","한식 일반","바달비","바달비","서울특별시","관악구","신림동"
"BE_IW16-0348","한식/중식/일식","전통음식","한식 일반","바우식당","바우식당","서울특별시","도봉구","방학1동"
"BE_IW16-0349","한식/중식/일식","전통음식","한식 일반","박대감네/청담본점","박대감네청담본점","서울특별시","강남구","청담동"
"BE_IW16-0350","한식/중식/일식","전통음식","한식 일반","박서방순대국","박서방순대국","서울특별시","강남구","삼성1동"
"BE_IW16-0351","한식/중식/일식","전통음식","한식 일반","박석고개","박석고개","서울특별시","종로구","혜화동"
"BE_IW16-0352","한식/중식/일식","전통음식","한식 일반","반룡산","반룡산","서울특별시","강남구","대치4동"
"BE_IW16-0353","한식/중식/일식","전통음식","한식 일반","방아골","방아골","서울특별시","도봉구","방학1동"
"BE_IW16-0354","한식/중식/일식","전통음식","한식 일반","백송","백송","서울특별시","종로구","청운효자동"
"BE_IW16-0355","한식/중식/일식","전통음식","한식 일반","백암순대","백암순대","서울특별시","중구","회현동"
"BE_IW16-0356","한식/중식/일식","전통음식","한식 일반","백암왕순대","백암왕순대","서울특별시","은평구","갈현2동"
"BE_IW16-0357","한식/중식/일식","전통음식","한식 일반","백암왕순대","백암왕순대","서울특별시","서초구","서초1동"
"BE_IW16-0358","한식/중식/일식","전통음식","한식 일반","백운산장","백운산장","서울특별시","강북구","우이동"
"BE_IW16-0359","한식/중식/일식","전통음식","한식 일반","백운산장","백운산장","서울특별시","강북구","우이동"
"BE_IW16-0360","한식/중식/일식","전통음식","한식 일반","백합","백합","서울특별시","구로구","고척1동"
"BE_IW16-0361","한식/중식/일식","전통음식","한식 일반","뱀부하우스","뱀부하우스","서울특별시","강남구","역삼1동"
"BE_IW16-0362","한식/중식/일식","전통음식","한식 일반","뱃고동","뱃고동","서울특별시","강남구","역삼1동"
"BE_IW16-0363","한식/중식/일식","전통음식","한식 일반","버드나무집","버드나무집","서울특별시","강동구","강일동"
"BE_IW16-0364","한식/중식/일식","전통음식","한식 일반","버드나무집","버드나무집","서울특별시","송파구","오금동"
"BE_IW16-0365","한식/중식/일식","전통음식","한식 일반","버드나무집","버드나무집","서울특별시","강남구","역삼1동"
"BE_IW16-0366","한식/중식/일식","전통음식","한식 일반","버드나무집","버드나무집","서울특별시","마포구","아현동"
"BE_IW16-0083","한식/중식/일식","전통음식","한식 일반","고향식당","고향식당","서울특별시","구로구","개봉1동"
"BE_IW16-0084","한식/중식/일식","전통음식","한식 일반","고향식당","고향식당","서울특별시","강남구","논현2동"
"BE_IW16-0085","한식/중식/일식","전통음식","한식 일반","고향쌈밥","고향쌈밥","서울특별시","구로구","개봉1동"
"BE_IW16-0086","한식/중식/일식","전통음식","한식 일반","고향집","고향집","서울특별시","광진구","구의1동"
"BE_IW16-0087","한식/중식/일식","전통음식","한식 일반","고향집","고향집","서울특별시","강남구","논현2동"
"BE_IW16-0088","한식/중식/일식","전통음식","한식 일반","고향집","고향집","서울특별시","성북구","보문동"
"BE_IW16-0089","한식/중식/일식","전통음식","한식 일반","고향집","고향집","서울특별시","관악구","중앙동"
"BE_IW16-0090","한식/중식/일식","전통음식","한식 일반","고향집","고향집","서울특별시","서초구","서초1동"
"BE_IW16-0091","한식/중식/일식","전통음식","한식 일반","고흥식당","고흥식당","서울특별시","강서구","화곡1동"
"BE_IW16-0092","한식/중식/일식","전통음식","한식 일반","골방집","골방집","서울특별시","강북구","번1동"
"BE_IW16-0093","한식/중식/일식","전통음식","한식 일반","곰국시집","곰국시집","서울특별시","중구","명동"
"BE_IW16-0094","한식/중식/일식","전통음식","한식 일반","곰국시집","곰국시집","서울특별시","중구","명동"
"BE_IW16-0095","한식/중식/일식","전통음식","한식 일반","곰마루","곰마루","서울특별시","종로구","교남동"
"BE_IW16-0096","한식/중식/일식","전통음식","한식 일반","곰바위","곰바위","서울특별시","강남구","삼성1동"
"BE_IW16-0097","한식/중식/일식","전통음식","한식 일반","곰솥집","곰솥집","서울특별시","중구","명동"
"BE_IW16-0098","한식/중식/일식","전통음식","한식 일반","곰탕집","곰탕집","서울특별시","성북구","동선동"
"BE_IW16-0099","한식/중식/일식","전통음식","한식 일반","공원가든","공원가든","서울특별시","구로구","구로5동"
"BE_IW16-0100","한식/중식/일식","전통음식","한식 일반","공원산장","공원산장","서울특별시","강북구","우이동"
"BE_IW16-0101","한식/중식/일식","전통음식","한식 일반","공주집","공주집","서울특별시","노원구","상계1동"
"BE_IW16-0102","한식/중식/일식","전통음식","한식 일반","광양불고기","광양불고기","서울특별시","양천구","신월4동"
"BE_IW16-0103","한식/중식/일식","전통음식","한식 일반","광양불고기","광양불고기","서울특별시","송파구","석촌동"
"BE_IW16-0104","한식/중식/일식","전통음식","한식 일반","광양불고기","광양불고기","서울특별시","서초구","반포4동"
"BE_IW16-0105","한식/중식/일식","전통음식","한식 일반","광양불고기/본가","광양불고기본가","서울특별시","강남구","대치2동"
"BE_IW16-0106","한식/중식/일식","전통음식","한식 일반","광화문집","광화문집","서울특별시","종로구","사직동"
"BE_IW16-0107","한식/중식/일식","전통음식","한식 일반","구운몽","구운몽","서울특별시","강남구","역삼1동"
"BE_IW16-0108","한식/중식/일식","전통음식","한식 일반","국수집","국수집","서울특별시","금천구","독산1동"
"BE_IW16-0109","한식/중식/일식","전통음식","한식 일반","국시집","국시집","서울특별시","성북구","성북동"
"BE_IW16-0110","한식/중식/일식","전통음식","한식 일반","국화정원","국화정원","서울특별시","성북구","성북동"
"BE_IW16-0111","한식/중식/일식","전통음식","한식 일반","굴사냥","굴사냥","서울특별시","영등포구","영등포본동"
"BE_IW16-0112","한식/중식/일식","전통음식","한식 일반","굿모닝","굿모닝","서울특별시","송파구","석촌동"
"BE_IW16-0113","한식/중식/일식","전통음식","한식 일반","궁","궁","서울특별시","동대문구","이문1동"
"BE_IW16-0114","한식/중식/일식","전통음식","한식 일반","궁연/청담점","궁연청담점","서울특별시","강남구","청담동"
"BE_IW16-0115","한식/중식/일식","전통음식","한식 일반","궁중오리","궁중오리","서울특별시","송파구","거여1동"
"BE_IW16-0116","한식/중식/일식","전통음식","한식 일반","그린","그린","서울특별시","서대문구","홍제1동"
"BE_IW16-0117","한식/중식/일식","전통음식","한식 일반","그린하우스","그린하우스","서울특별시","종로구","평창동"
"BE_IW16-0118","한식/중식/일식","전통음식","한식 일반","금강산","금강산","서울특별시","동대문구","이문1동"
"BE_IW16-0119","한식/중식/일식","전통음식","한식 일반","금강산","금강산","서울특별시","강남구","논현2동"
"BE_IW16-0120","한식/중식/일식","전통음식","한식 일반","금강산","금강산","서울특별시","마포구","아현동"
"BE_IW16-0121","한식/중식/일식","전통음식","한식 일반","금강산감자탕","금강산감자탕","서울특별시","강동구","암사1동"
"BE_IW16-0122","한식/중식/일식","전통음식","한식 일반","금강산감자탕","금강산감자탕","서울특별시","용산구","청파동"
"BE_IW16-0123","한식/중식/일식","전통음식","한식 일반","금강호민물장어","금강호민물장어","서울특별시","양천구","신월1동"
"BE_IW16-0124","한식/중식/일식","전통음식","한식 일반","금모래","금모래","서울특별시","강남구","역삼1동"
"BE_IW16-0125","한식/중식/일식","전통음식","한식 일반","금수복국","금수복국","서울특별시","강남구","압구정동"
"BE_IW16-0126","한식/중식/일식","전통음식","한식 일반","금천식당","금천식당","서울특별시","영등포구","양평1동"
"BE_IW16-0127","한식/중식/일식","전통음식","한식 일반","기꾸","기꾸","서울특별시","용산구","남영동"
"BE_IW16-0128","한식/중식/일식","전통음식","한식 일반","기와집","기와집","서울특별시","강북구","우이동"
"BE_IW16-0129","한식/중식/일식","전통음식","한식 일반","기와집","기와집","서울특별시","중랑구","면목제3.8동"
"BE_IW16-0130","한식/중식/일식","전통음식","한식 일반","김밥사랑","김밥사랑","서울특별시","관악구","신림동"
"BE_IW16-0131","한식/중식/일식","전통음식","한식 일반","김삼보","김삼보","서울특별시","중구","광희동"
"BE_IW16-0132","한식/중식/일식","전통음식","한식 일반","꿈꾸는돼지","꿈꾸는돼지","서울특별시","강서구","화곡3동"
"BE_IW16-0133","한식/중식/일식","전통음식","한식 일반","꿈꾸는소나무","꿈꾸는소나무","서울특별시","강동구","천호1동"
"BE_IW16-0134","한식/중식/일식","전통음식","한식 일반","나루터","나루터","서울특별시","마포구","도화동"
"BE_IW16-0135","한식/중식/일식","전통음식","한식 일반","나주식당","나주식당","서울특별시","중랑구","묵2동"
"BE_IW16-0136","한식/중식/일식","전통음식","한식 일반","낙원","낙원","서울특별시","동대문구","장안1동"
"BE_IW16-0137","한식/중식/일식","전통음식","한식 일반","낙원","낙원","서울특별시","서초구","서초2동"
"BE_IW16-0138","한식/중식/일식","전통음식","한식 일반","낙지마당","낙지마당","서울특별시","금천구","독산2동"
"BE_IW16-0139","한식/중식/일식","전통음식","한식 일반","낙지마당","낙지마당","서울특별시","성북구","장위2동"
"BE_IW16-0140","한식/중식/일식","전통음식","한식 일반","낙지마을","낙지마을","서울특별시","강남구","일원1동"
"BE_IW16-0141","한식/중식/일식","전통음식","한식 일반","낙지마을","낙지마을","서울특별시","강동구","성내2동"
"BE_IW16-0142","한식/중식/일식","전통음식","한식 일반","남도","남도","서울특별시","관악구","조원동"
"BE_IW16-0143","한식/중식/일식","전통음식","한식 일반","남도마루","남도마루","서울특별시","송파구","오금동"
"BE_IW16-0144","한식/중식/일식","전통음식","한식 일반","남도식당","남도식당","서울특별시","동작구","대방동"
"BE_IW16-0145","한식/중식/일식","전통음식","한식 일반","남도식당","남도식당","서울특별시","양천구","신정4동"
"BE_IW16-0146","한식/중식/일식","전통음식","한식 일반","남매집","남매집","서울특별시","서대문구","천연동"
"BE_IW16-0147","한식/중식/일식","전통음식","한식 일반","남미옥","남미옥","서울특별시","서초구","서초1동"
"BE_IW16-0148","한식/중식/일식","전통음식","한식 일반","남북통일","남북통일","서울특별시","마포구","서교동"
"BE_IW16-0149","한식/중식/일식","전통음식","한식 일반","남성","남성","서울특별시","마포구","아현동"
"BE_IW16-0150","한식/중식/일식","전통음식","한식 일반","남원","남원","서울특별시","종로구","가회동"
"BE_IW16-0151","한식/중식/일식","전통음식","한식 일반","남원골추어탕","남원골추어탕","서울특별시","송파구","장지동"
"BE_IW16-0152","한식/중식/일식","전통음식","한식 일반","남원골추어탕","남원골추어탕","서울특별시","강북구","수유1동"
"BE_IW16-0153","한식/중식/일식","전통음식","한식 일반","남원식당","남원식당","서울특별시","구로구","개봉1동"
"BE_IW16-0154","한식/중식/일식","전통음식","한식 일반","남원식당","남원식당","서울특별시","송파구","잠실본동"
"BE_IW16-0155","한식/중식/일식","전통음식","한식 일반","남원식당","남원식당","서울특별시","용산구","남영동"
"BE_IW16-0156","한식/중식/일식","전통음식","한식 일반","남원집","남원집","서울특별시","서대문구","홍제3동"
"BE_IW16-0157","한식/중식/일식","전통음식","한식 일반","남원추어탕","남원추어탕","서울특별시","광진구","구의2동"
"BE_IW16-0158","한식/중식/일식","전통음식","한식 일반","남원추어탕","남원추어탕","서울특별시","마포구","성산1동"
"BE_IW16-0159","한식/중식/일식","전통음식","한식 일반","남원추어탕","남원추어탕","서울특별시","마포구","신수동"
"BE_IW16-0160","한식/중식/일식","전통음식","한식 일반","남원추어탕","남원추어탕","서울특별시","강서구","화곡1동"
"BE_IW16-0161","한식/중식/일식","전통음식","한식 일반","남원추어탕","남원추어탕","서울특별시","서초구","양재2동"
"BE_IW16-0162","한식/중식/일식","전통음식","한식 일반","남원추어탕","남원추어탕","서울특별시","중구","신당5동"
"BE_IW16-0163","한식/중식/일식","전통음식","한식 일반","남원추어탕","남원추어탕","서울특별시","종로구","종로5.6가동"
"BE_IW16-0164","한식/중식/일식","전통음식","한식 일반","남원추어탕","남원추어탕","서울특별시","동대문구","청량리동"
"BE_IW16-0165","한식/중식/일식","전통음식","한식 일반","남원추어탕","남원추어탕","서울특별시","영등포구","영등포동"
"BE_IW16-0223","한식/중식/일식","전통음식","한식 일반","도깨비한촌/스타점","도깨비한촌스타점","서울특별시","강남구","역삼1동"
"BE_IW16-0224","한식/중식/일식","전통음식","한식 일반","도장골","도장골","서울특별시","성동구","행당2동"
"BE_IW16-0225","한식/중식/일식","전통음식","한식 일반","독도참치","독도참치","서울특별시","동대문구","장안1동"
"BE_IW16-0226","한식/중식/일식","전통음식","한식 일반","돈가우가","돈가우가","서울특별시","서초구","서초4동"
"BE_IW16-0227","한식/중식/일식","전통음식","한식 일반","돈데이","돈데이","서울특별시","서대문구","신촌동"
"BE_IW16-0228","한식/중식/일식","전통음식","한식 일반","돈데이","돈데이","서울특별시","양천구","신정2동"
"BE_IW16-0229","한식/중식/일식","전통음식","한식 일반","돈부리","돈부리","서울특별시","강남구","역삼1동"
"BE_IW16-0230","한식/중식/일식","전통음식","한식 일반","돈수백","돈수백","서울특별시","마포구","서교동"
"BE_IW16-0231","한식/중식/일식","전통음식","한식 일반","돈우리","돈우리","서울특별시","양천구","신월3동"
"BE_IW16-0232","한식/중식/일식","전통음식","한식 일반","돈이좋은세상","돈이좋은세상","서울특별시","양천구","목4동"
"BE_IW16-0233","한식/중식/일식","전통음식","한식 일반","돈토","돈토","서울특별시","강서구","등촌1동"
"BE_IW16-0234","한식/중식/일식","전통음식","한식 일반","돌담집","돌담집","서울특별시","서초구","서초3동"
"BE_IW16-0235","한식/중식/일식","전통음식","한식 일반","돌담집","돌담집","서울특별시","금천구","시흥4동"
"BE_IW16-0236","한식/중식/일식","전통음식","한식 일반","동경식당","동경식당","서울특별시","성북구","정릉3동"
"BE_IW16-0237","한식/중식/일식","전통음식","한식 일반","동궁","동궁","서울특별시","강북구","번1동"
"BE_IW16-0238","한식/중식/일식","전통음식","한식 일반","동방","동방","서울특별시","강서구","공항동"
"BE_IW16-0239","한식/중식/일식","전통음식","한식 일반","동촌","동촌","서울특별시","광진구","자양1동"
"BE_IW16-0240","한식/중식/일식","전통음식","한식 일반","동촌","동촌","서울특별시","마포구","서교동"
"BE_IW16-0241","한식/중식/일식","전통음식","한식 일반","동해별관","동해별관","서울특별시","서대문구","천연동"
"BE_IW16-0242","한식/중식/일식","전통음식","한식 일반","동해별관","동해별관","서울특별시","강남구","논현1동"
"BE_IW16-0243","한식/중식/일식","전통음식","한식 일반","동해수산","동해수산","서울특별시","구로구","개봉1동"
"BE_IW16-0244","한식/중식/일식","전통음식","한식 일반","돼지농장","돼지농장","서울특별시","성동구","성수1가2동"
"BE_IW16-0245","한식/중식/일식","전통음식","한식 일반","돼지촌","돼지촌","서울특별시","양천구","신월3동"
"BE_IW16-0246","한식/중식/일식","전통음식","한식 일반","돼지촌","돼지촌","서울특별시","종로구","교남동"
"BE_IW16-0247","한식/중식/일식","전통음식","한식 일반","두레박","두레박","서울특별시","동작구","흑석동"
"BE_IW16-0248","한식/중식/일식","전통음식","한식 일반","두메산골","두메산골","서울특별시","은평구","응암3동"
"BE_IW16-0249","한식/중식/일식","전통음식","한식 일반","두메산골","두메산골","서울특별시","강남구","일원1동"
"BE_IW16-0250","한식/중식/일식","전통음식","한식 일반","두부촌","두부촌","서울특별시","서초구","서초3동"
"BE_IW16-0251","한식/중식/일식","전통음식","한식 일반","두부촌","두부촌","서울특별시","광진구","자양1동"
"BE_IW16-0252","한식/중식/일식","전통음식","한식 일반","두부한마당","두부한마당","서울특별시","은평구","진관동"
"BE_IW16-0166","한식/중식/일식","전통음식","한식 일반","남포면옥","남포면옥","서울특별시","강남구","논현2동"
"BE_IW16-0167","한식/중식/일식","전통음식","한식 일반","남한강","남한강","서울특별시","송파구","송파1동"
"BE_IW16-0168","한식/중식/일식","전통음식","한식 일반","남해수산","남해수산","서울특별시","양천구","신정2동"
"BE_IW16-0169","한식/중식/일식","전통음식","한식 일반","노랑저고리","노랑저고리","서울특별시","서초구","서초4동"
"BE_IW16-0170","한식/중식/일식","전통음식","한식 일반","논골집","논골집","서울특별시","서초구","방배1동"
"BE_IW16-0171","한식/중식/일식","전통음식","한식 일반","농가","농가","서울특별시","강동구","천호2동"
"BE_IW16-0172","한식/중식/일식","전통음식","한식 일반","누리","누리","서울특별시","종로구","종로1.2.3.4가동"
"BE_IW16-0173","한식/중식/일식","전통음식","한식 일반","뉴욕바닷가재","뉴욕바닷가재","서울특별시","강남구","청담동"
"BE_IW16-0174","한식/중식/일식","전통음식","한식 일반","느티나무집","느티나무집","서울특별시","중구","장충동"
"BE_IW16-0175","한식/중식/일식","전통음식","한식 일반","능이버섯백숙","능이버섯백숙","서울특별시","강북구","우이동"
"BE_IW16-0176","한식/중식/일식","전통음식","한식 일반","다미","다미","서울특별시","영등포구","여의동"
"BE_IW16-0177","한식/중식/일식","전통음식","한식 일반","다솜","다솜","서울특별시","영등포구","대림3동"
"BE_IW16-0178","한식/중식/일식","전통음식","한식 일반","다원","다원","서울특별시","용산구","한남동"
"BE_IW16-0179","한식/중식/일식","전통음식","한식 일반","다원","다원","서울특별시","송파구","방이1동"
"BE_IW16-0180","한식/중식/일식","전통음식","한식 일반","다원","다원","서울특별시","서초구","양재1동"
"BE_IW16-0181","한식/중식/일식","전통음식","한식 일반","단미","단미","서울특별시","강남구","세곡동"
"BE_IW16-0182","한식/중식/일식","전통음식","한식 일반","달식탁","달식탁","서울특별시","강남구","신사동"
"BE_IW16-0183","한식/중식/일식","전통음식","한식 일반","닭한마리","닭한마리","서울특별시","동대문구","제기동"
"BE_IW16-0184","한식/중식/일식","전통음식","한식 일반","닭한마리","닭한마리","서울특별시","강동구","성내1동"
"BE_IW16-0185","한식/중식/일식","전통음식","한식 일반","닭한마리","닭한마리","서울특별시","서대문구","신촌동"
"BE_IW16-0186","한식/중식/일식","전통음식","한식 일반","닭한마리","닭한마리","서울특별시","영등포구","영등포동"
"BE_IW16-0187","한식/중식/일식","전통음식","한식 일반","대관령","대관령","서울특별시","은평구","불광1동"
"BE_IW16-0188","한식/중식/일식","전통음식","한식 일반","대광","대광","서울특별시","은평구","응암3동"
"BE_IW16-0189","한식/중식/일식","전통음식","한식 일반","대나무집","대나무집","서울특별시","동작구","사당2동"
"BE_IW16-0190","한식/중식/일식","전통음식","한식 일반","대도식당","대도식당","서울특별시","용산구","청파동"
"BE_IW16-0191","한식/중식/일식","전통음식","한식 일반","대도식당","대도식당","서울특별시","중랑구","상봉1동"
"BE_IW16-0192","한식/중식/일식","전통음식","한식 일반","대도식당","대도식당","서울특별시","성북구","보문동"
"BE_IW16-0193","한식/중식/일식","전통음식","한식 일반","대도식당","대도식당","서울특별시","노원구","중계4동"
"BE_IW16-0194","한식/중식/일식","전통음식","한식 일반","대림정","대림정","서울특별시","종로구","청운효자동"
"BE_IW16-0195","한식/중식/일식","전통음식","한식 일반","대문","대문","서울특별시","도봉구","방학3동"
"BE_IW16-0196","한식/중식/일식","전통음식","한식 일반","대박집","대박집","서울특별시","마포구","아현동"
"BE_IW16-0197","한식/중식/일식","전통음식","한식 일반","대박집","대박집","서울특별시","강서구","방화1동"
"BE_IW16-0198","한식/중식/일식","전통음식","한식 일반","대박집","대박집","서울특별시","양천구","신월4동"
"BE_IW16-0199","한식/중식/일식","전통음식","한식 일반","대박집","대박집","서울특별시","서초구","잠원동"
"BE_IW16-0200","한식/중식/일식","전통음식","한식 일반","대복","대복","서울특별시","용산구","한강로동"
"BE_IW16-0201","한식/중식/일식","전통음식","한식 일반","대복집","대복집","서울특별시","종로구","사직동"
"BE_IW16-0202","한식/중식/일식","전통음식","한식 일반","대성","대성","서울특별시","종로구","종로1.2.3.4가동"
"BE_IW16-0203","한식/중식/일식","전통음식","한식 일반","대성","대성","서울특별시","성동구","용답동"
"BE_IW16-0204","한식/중식/일식","전통음식","한식 일반","대성식당","대성식당","서울특별시","성북구","월곡2동"
"BE_IW16-0205","한식/중식/일식","전통음식","한식 일반","대성식당","대성식당","서울특별시","용산구","한남동"
"BE_IW16-0206","한식/중식/일식","전통음식","한식 일반","대성식당","대성식당","서울특별시","송파구","가락1동"
"BE_IW16-0207","한식/중식/일식","전통음식","한식 일반","대운설렁탕","대운설렁탕","서울특별시","영등포구","신길6동"
"BE_IW16-0208","한식/중식/일식","전통음식","한식 일반","대원참숯갈비","대원참숯갈비","서울특별시","광진구","중곡2동"
"BE_IW16-0209","한식/중식/일식","전통음식","한식 일반","대장금","대장금","서울특별시","중구","장충동"
"BE_IW16-0210","한식/중식/일식","전통음식","한식 일반","대장금","대장금","서울특별시","강남구","삼성1동"
"BE_IW16-0211","한식/중식/일식","전통음식","한식 일반","대장금","대장금","서울특별시","은평구","신사2동"
"BE_IW16-0212","한식/중식/일식","전통음식","한식 일반","대정","대정","서울특별시","서초구","내곡동"
"BE_IW16-0213","한식/중식/일식","전통음식","한식 일반","대주밥상","대주밥상","서울특별시","양천구","신월6동"
"BE_IW16-0214","한식/중식/일식","전통음식","한식 일반","대청마루","대청마루","서울특별시","중구","필동"
"BE_IW16-0215","한식/중식/일식","전통음식","한식 일반","대청마루","대청마루","서울특별시","서초구","내곡동"
"BE_IW16-0216","한식/중식/일식","전통음식","한식 일반","대청마루","대청마루","서울특별시","구로구","구로2동"
"BE_IW16-0217","한식/중식/일식","전통음식","한식 일반","대촌","대촌","서울특별시","서초구","방배본동"
"BE_IW16-0218","한식/중식/일식","전통음식","한식 일반","대추나무집","대추나무집","서울특별시","구로구","수궁동"
"BE_IW16-0219","한식/중식/일식","전통음식","한식 일반","대추나무집","대추나무집","서울특별시","강북구","우이동"
"BE_IW16-0220","한식/중식/일식","전통음식","한식 일반","대한민국","대한민국","서울특별시","강남구","대치2동"
"BE_IW16-0221","한식/중식/일식","전통음식","한식 일반","대한회관","대한회관","서울특별시","금천구","가산동"
"BE_IW16-0222","한식/중식/일식","전통음식","한식 일반","대호","대호","서울특별시","중구","소공동"
"BE_IW16-0401","한식/중식/일식","전통음식","한식 일반","부산복집","부산복집","서울특별시","서초구","서초3동"
"BE_IW16-0026","한식/중식/일식","전통음식","한식 일반","갈매기의꿈","갈매기의꿈","서울특별시","성동구","왕십리도선동"
"BE_IW16-0027","한식/중식/일식","전통음식","한식 일반","감나무집","감나무집","서울특별시","강서구","방화3동"
"BE_IW16-0028","한식/중식/일식","전통음식","한식 일반","감나무집","감나무집","서울특별시","송파구","석촌동"
"BE_IW16-0029","한식/중식/일식","전통음식","한식 일반","감나무집","감나무집","서울특별시","강북구","수유2동"
"BE_IW16-0030","한식/중식/일식","전통음식","한식 일반","감미옥","감미옥","서울특별시","성북구","월곡1동"
"BE_IW16-0031","한식/중식/일식","전통음식","한식 일반","감자골","감자골","서울특별시","강남구","논현1동"
"BE_IW16-0032","한식/중식/일식","전통음식","한식 일반","감자바우","감자바우","서울특별시","강남구","압구정동"
"BE_IW16-0033","한식/중식/일식","전통음식","한식 일반","강가","강가","서울특별시","중구","명동"
"BE_IW16-0034","한식/중식/일식","전통음식","한식 일반","강강술래","강강술래","서울특별시","금천구","시흥1동"
"BE_IW16-0035","한식/중식/일식","전통음식","한식 일반","강강술래/상계점","강강술래상계점","서울특별시","노원구","상계1동"
"BE_IW16-0036","한식/중식/일식","전통음식","한식 일반","강강술래/신림점","강강술래신림점","서울특별시","관악구","서원동"
"BE_IW16-0037","한식/중식/일식","전통음식","한식 일반","강강술래/여의도점","강강술래여의도점","서울특별시","영등포구","여의동"
"BE_IW16-0038","한식/중식/일식","전통음식","한식 일반","강구항","강구항","서울특별시","강남구","논현2동"
"BE_IW16-0039","한식/중식/일식","전통음식","한식 일반","강남면옥","강남면옥","서울특별시","강남구","압구정동"
"BE_IW16-0040","한식/중식/일식","전통음식","한식 일반","강릉옛날집","강릉옛날집","서울특별시","강남구","논현2동"
"BE_IW16-0041","한식/중식/일식","전통음식","한식 일반","강릉집","강릉집","서울특별시","강남구","역삼1동"
"BE_IW16-0042","한식/중식/일식","전통음식","한식 일반","강릉집","강릉집","서울특별시","강동구","둔촌2동"
"BE_IW16-0043","한식/중식/일식","전통음식","한식 일반","강마루","강마루","서울특별시","광진구","구의2동"
"BE_IW16-0044","한식/중식/일식","전통음식","한식 일반","강서면옥","강서면옥","서울특별시","중구","소공동"
"BE_IW16-0045","한식/중식/일식","전통음식","한식 일반","강원정","강원정","서울특별시","용산구","원효로1동"
"BE_IW16-0046","한식/중식/일식","전통음식","한식 일반","강촌쌈밥","강촌쌈밥","서울특별시","성북구","월곡2동"
"BE_IW16-0047","한식/중식/일식","전통음식","한식 일반","개성면옥","개성면옥","서울특별시","성북구","정릉2동"
"BE_IW16-0048","한식/중식/일식","전통음식","한식 일반","개성면옥","개성면옥","서울특별시","구로구","구로2동"
"BE_IW16-0049","한식/중식/일식","전통음식","한식 일반","개성면옥","개성면옥","서울특별시","강서구","염창동"
"BE_IW16-0050","한식/중식/일식","전통음식","한식 일반","개성면옥","개성면옥","서울특별시","영등포구","신길6동"
"BE_IW16-0051","한식/중식/일식","전통음식","한식 일반","개성집","개성집","서울특별시","송파구","방이2동"
"BE_IW16-0052","한식/중식/일식","전통음식","한식 일반","개성집","개성집","서울특별시","강남구","논현1동"
"BE_IW16-0053","한식/중식/일식","전통음식","한식 일반","개울목","개울목","서울특별시","강북구","우이동"
"BE_IW16-0054","한식/중식/일식","전통음식","한식 일반","개화옥","개화옥","서울특별시","강남구","압구정동"
"BE_IW16-0055","한식/중식/일식","전통음식","한식 일반","갯마을","갯마을","서울특별시","광진구","구의3동"
"BE_IW16-0056","한식/중식/일식","전통음식","한식 일반","갯마을","갯마을","서울특별시","영등포구","당산1동"
"BE_IW16-0057","한식/중식/일식","전통음식","한식 일반","갯마을","갯마을","서울특별시","용산구","한강로동"
"BE_IW16-0058","한식/중식/일식","전통음식","한식 일반","갯벌낙지","갯벌낙지","서울특별시","송파구","가락본동"
"BE_IW16-0059","한식/중식/일식","전통음식","한식 일반","경복궁","경복궁","서울특별시","종로구","삼청동"
"BE_IW16-0060","한식/중식/일식","전통음식","한식 일반","경복궁","경복궁","서울특별시","강서구","우장산동"
"BE_IW16-0061","한식/중식/일식","전통음식","한식 일반","경복궁","경복궁","서울특별시","중구","을지로동"
"BE_IW16-0062","한식/중식/일식","전통음식","한식 일반","계곡산장","계곡산장","서울특별시","강북구","우이동"
"BE_IW16-0063","한식/중식/일식","전통음식","한식 일반","계림","계림","서울특별시","광진구","광장동"
"BE_IW16-0064","한식/중식/일식","전통음식","한식 일반","고갯마루","고갯마루","서울특별시","노원구","상계3.4동"
"BE_IW16-0065","한식/중식/일식","전통음식","한식 일반","고궁","고궁","서울특별시","중랑구","면목2동"
"BE_IW16-0066","한식/중식/일식","전통음식","한식 일반","고궁","고궁","서울특별시","중구","명동"
"BE_IW16-0067","한식/중식/일식","전통음식","한식 일반","고기나라","고기나라","서울특별시","동작구","상도1동"
"BE_IW16-0068","한식/중식/일식","전통음식","한식 일반","고기사랑","고기사랑","서울특별시","강남구","청담동"
"BE_IW16-0069","한식/중식/일식","전통음식","한식 일반","고기사랑","고기사랑","서울특별시","관악구","은천동"
"BE_IW16-0070","한식/중식/일식","전통음식","한식 일반","고기시장","고기시장","서울특별시","양천구","신월5동"
"BE_IW16-0071","한식/중식/일식","전통음식","한식 일반","고덕가든","고덕가든","서울특별시","강동구","고덕1동"
"BE_IW16-0072","한식/중식/일식","전통음식","한식 일반","고래불","고래불","서울특별시","강남구","역삼1동"
"BE_IW16-0073","한식/중식/일식","전통음식","한식 일반","고메홈","고메홈","서울특별시","강남구","대치4동"
"BE_IW16-0074","한식/중식/일식","전통음식","한식 일반","고모네원조콩탕","고모네원조콩탕","서울특별시","강동구","성내3동"